"INDICATOR","HFA_446"

"HFA_446","Average amount of fruits and vegetables available per person per year (kg)"

"UNIT_TYPE","Unit"
"KG_PPERS_PYEAR","kilograms per person per year"

"EXTERNID","ID in the originating data source"

"DATA_SOURCE","Data source"
"HFA","European Health for All database"

"DATA_TYPE_REPRESENTATION","Data type representation"
"RATIO","Ratio"

"DATA_SET","Data set"
"HFA","European Health for All database (WHO)"

"DATA_MASK","Mask for controlling the output format of values"

"SEX","Sex"
"FEMALE","Female"
"MALE","Male"
"ALL","All"

"COUNTRY","COUNTRY_GRP","SEX","YEAR","VALUE"
"ALB","","ALL","1961","128.8"
"ALB","","ALL","1962","121.44"
"ALB","","ALL","1963","115.27"
"ALB","","ALL","1964","127.38"
"ALB","","ALL","1965","120.52"
"ALB","","ALL","1966","104.88"
"ALB","","ALL","1967","94.52"
"ALB","","ALL","1968","97.69"
"ALB","","ALL","1969","103.86"
"ALB","","ALL","1970","124.14"
"ALB","","ALL","1971","112.7"
"ALB","","ALL","1972","115.86"
"ALB","","ALL","1973","118.04"
"ALB","","ALL","1974","118.42"
"ALB","","ALL","1975","111.78"
"ALB","","ALL","1976","127.64"
"ALB","","ALL","1977","127.25"
"ALB","","ALL","1978","131.84"
"ALB","","ALL","1979","125.82"
"ALB","","ALL","1980","115.17"
"ALB","","ALL","1981","121.39"
"ALB","","ALL","1982","131.72"
"ALB","","ALL","1983","137.43"
"ALB","","ALL","1984","122.08"
"ALB","","ALL","1985","109.01"
"ALB","","ALL","1986","113.36"
"ALB","","ALL","1987","105.39"
"ALB","","ALL","1988","86.61"
"ALB","","ALL","1989","106.55"
"ALB","","ALL","1990","111.67"
"ALB","","ALL","1991","114.32"
"ALB","","ALL","1992","149.48"
"ALB","","ALL","1993","182.56"
"ALB","","ALL","1994","194.85"
"ALB","","ALL","1995","183.6"
"ALB","","ALL","1996","211.47"
"ALB","","ALL","1997","190.31"
"ALB","","ALL","1998","210.85"
"ALB","","ALL","1999","212.01"
"ALB","","ALL","2000","227.3"
"ALB","","ALL","2001","246.32"
"ALB","","ALL","2002","259.42"
"ALB","","ALL","2003","277.22"
"ALB","","ALL","2004","278.88"
"ALB","","ALL","2005","288.85"
"ALB","","ALL","2006","301.08"
"ALB","","ALL","2007","304.29"
"ALB","","ALL","2008","325"
"ALB","","ALL","2009","327.54"
"ALB","","ALL","2010","369.78"
"ALB","","ALL","2011","384.39"
"ALB","","ALL","2012","391.46"
"ALB","","ALL","2013","387.09"
"ARM","","ALL","1992","193.79"
"ARM","","ALL","1993","136.38"
"ARM","","ALL","1994","185.47"
"ARM","","ALL","1995","196.69"
"ARM","","ALL","1996","201.82"
"ARM","","ALL","1997","167.94"
"ARM","","ALL","1998","174.59"
"ARM","","ALL","1999","179.15"
"ARM","","ALL","2000","168.56"
"ARM","","ALL","2001","172.68"
"ARM","","ALL","2002","203.88"
"ARM","","ALL","2003","228.47"
"ARM","","ALL","2004","264.71"
"ARM","","ALL","2005","339.04"
"ARM","","ALL","2006","387.62"
"ARM","","ALL","2007","420.61"
"ARM","","ALL","2008","437.14"
"ARM","","ALL","2009","442.32"
"ARM","","ALL","2010","356.92"
"ARM","","ALL","2011","389.96"
"ARM","","ALL","2012","459.96"
"ARM","","ALL","2013","459.76"
"AUT","","ALL","1961","200.63"
"AUT","","ALL","1962","180.36"
"AUT","","ALL","1963","201.85"
"AUT","","ALL","1964","198.13"
"AUT","","ALL","1965","176.97"
"AUT","","ALL","1966","191.96"
"AUT","","ALL","1967","182.76"
"AUT","","ALL","1968","185.68"
"AUT","","ALL","1969","181.11"
"AUT","","ALL","1970","181.74"
"AUT","","ALL","1971","180.52"
"AUT","","ALL","1972","172.82"
"AUT","","ALL","1973","195.94"
"AUT","","ALL","1974","183.85"
"AUT","","ALL","1975","199.59"
"AUT","","ALL","1976","189.28"
"AUT","","ALL","1977","193.8"
"AUT","","ALL","1978","192.64"
"AUT","","ALL","1979","212.92"
"AUT","","ALL","1980","210.32"
"AUT","","ALL","1981","195.52"
"AUT","","ALL","1982","225.05"
"AUT","","ALL","1983","177.46"
"AUT","","ALL","1984","191.14"
"AUT","","ALL","1985","181.15"
"AUT","","ALL","1986","203.39"
"AUT","","ALL","1987","194.3"
"AUT","","ALL","1988","207.48"
"AUT","","ALL","1989","216.46"
"AUT","","ALL","1990","208.24"
"AUT","","ALL","1991","209.1"
"AUT","","ALL","1992","212.51"
"AUT","","ALL","1993","231.78"
"AUT","","ALL","1994","222.75"
"AUT","","ALL","1995","200.16"
"AUT","","ALL","1996","181.51"
"AUT","","ALL","1997","200.73"
"AUT","","ALL","1998","165.32"
"AUT","","ALL","1999","205.56"
"AUT","","ALL","2000","209.26"
"AUT","","ALL","2001","224.27"
"AUT","","ALL","2002","211.71"
"AUT","","ALL","2003","231.58"
"AUT","","ALL","2004","243.2"
"AUT","","ALL","2005","236.85"
"AUT","","ALL","2006","238.95"
"AUT","","ALL","2007","245.56"
"AUT","","ALL","2008","258.5"
"AUT","","ALL","2009","231.75"
"AUT","","ALL","2010","236.41"
"AUT","","ALL","2011","265.13"
"AUT","","ALL","2012","260.24"
"AUT","","ALL","2013","257.84"
"AZE","","ALL","1992","143.84"
"AZE","","ALL","1993","134.43"
"AZE","","ALL","1994","135.82"
"AZE","","ALL","1995","139.4"
"AZE","","ALL","1996","149.36"
"AZE","","ALL","1997","116.36"
"AZE","","ALL","1998","127.46"
"AZE","","ALL","1999","153.85"
"AZE","","ALL","2000","157.49"
"AZE","","ALL","2001","179"
"AZE","","ALL","2002","192.72"
"AZE","","ALL","2003","206.46"
"AZE","","ALL","2004","196.56"
"AZE","","ALL","2005","225.06"
"AZE","","ALL","2006","232.76"
"AZE","","ALL","2007","234.4"
"AZE","","ALL","2008","225.08"
"AZE","","ALL","2009","226.43"
"AZE","","ALL","2010","238.26"
"AZE","","ALL","2011","246.16"
"AZE","","ALL","2012","248.15"
"AZE","","ALL","2013","241.36"
"BEL","","ALL","2000","192.23"
"BEL","","ALL","2001","185.88"
"BEL","","ALL","2002","196.02"
"BEL","","ALL","2003","203.02"
"BEL","","ALL","2004","211.57"
"BEL","","ALL","2005","194.56"
"BEL","","ALL","2006","209.79"
"BEL","","ALL","2007","213.19"
"BEL","","ALL","2008","219.59"
"BEL","","ALL","2009","206.93"
"BEL","","ALL","2010","187.71"
"BEL","","ALL","2011","188.97"
"BEL","","ALL","2012","191.98"
"BEL","","ALL","2013","207.78"
"BGR","","ALL","1961","184.26"
"BGR","","ALL","1962","198.31"
"BGR","","ALL","1963","222.07"
"BGR","","ALL","1964","223.37"
"BGR","","ALL","1965","221.31"
"BGR","","ALL","1966","254.55"
"BGR","","ALL","1967","236.78"
"BGR","","ALL","1968","242.31"
"BGR","","ALL","1969","238.92"
"BGR","","ALL","1970","238.14"
"BGR","","ALL","1971","226.43"
"BGR","","ALL","1972","201.51"
"BGR","","ALL","1973","205.41"
"BGR","","ALL","1974","203.65"
"BGR","","ALL","1975","209.21"
"BGR","","ALL","1976","207.62"
"BGR","","ALL","1977","202.38"
"BGR","","ALL","1978","207.81"
"BGR","","ALL","1979","218.51"
"BGR","","ALL","1980","199.45"
"BGR","","ALL","1981","218.32"
"BGR","","ALL","1982","224.07"
"BGR","","ALL","1983","212.84"
"BGR","","ALL","1984","225.64"
"BGR","","ALL","1985","208.89"
"BGR","","ALL","1986","213.41"
"BGR","","ALL","1987","232.73"
"BGR","","ALL","1988","217.21"
"BGR","","ALL","1989","200.44"
"BGR","","ALL","1990","209.38"
"BGR","","ALL","1991","179.27"
"BGR","","ALL","1992","189.16"
"BGR","","ALL","1993","166.43"
"BGR","","ALL","1994","170.44"
"BGR","","ALL","1995","197.1"
"BGR","","ALL","1996","181.57"
"BGR","","ALL","1997","180.03"
"BGR","","ALL","1998","210.46"
"BGR","","ALL","1999","200.79"
"BGR","","ALL","2000","193.44"
"BGR","","ALL","2001","166.25"
"BGR","","ALL","2002","148.12"
"BGR","","ALL","2003","171.71"
"BGR","","ALL","2004","149.24"
"BGR","","ALL","2005","96.24"
"BGR","","ALL","2006","125.72"
"BGR","","ALL","2007","125.08"
"BGR","","ALL","2008","112.13"
"BGR","","ALL","2009","111.24"
"BGR","","ALL","2010","112.93"
"BGR","","ALL","2011","118.15"
"BGR","","ALL","2012","120.03"
"BGR","","ALL","2013","137.8"
"BIH","","ALL","1992","150.23"
"BIH","","ALL","1993","159.57"
"BIH","","ALL","1994","165.8"
"BIH","","ALL","1995","185.92"
"BIH","","ALL","1996","188.04"
"BIH","","ALL","1997","217.21"
"BIH","","ALL","1998","221.2"
"BIH","","ALL","1999","202.04"
"BIH","","ALL","2000","155.59"
"BIH","","ALL","2001","167.33"
"BIH","","ALL","2002","185.85"
"BIH","","ALL","2003","230.63"
"BIH","","ALL","2004","299.22"
"BIH","","ALL","2005","297.35"
"BIH","","ALL","2006","284.32"
"BIH","","ALL","2007","277.22"
"BIH","","ALL","2008","287.93"
"BIH","","ALL","2009","292.75"
"BIH","","ALL","2010","279.82"
"BIH","","ALL","2011","278.95"
"BIH","","ALL","2012","267.93"
"BIH","","ALL","2013","306.85"
"BLR","","ALL","1992","115.1"
"BLR","","ALL","1993","124.64"
"BLR","","ALL","1994","120.66"
"BLR","","ALL","1995","125.53"
"BLR","","ALL","1996","128.84"
"BLR","","ALL","1997","127.71"
"BLR","","ALL","1998","108.45"
"BLR","","ALL","1999","115.86"
"BLR","","ALL","2000","120.96"
"BLR","","ALL","2001","134.28"
"BLR","","ALL","2002","159.35"
"BLR","","ALL","2003","159.87"
"BLR","","ALL","2004","172.64"
"BLR","","ALL","2005","183.46"
"BLR","","ALL","2006","205.43"
"BLR","","ALL","2007","209.12"
"BLR","","ALL","2008","214.8"
"BLR","","ALL","2009","217.31"
"BLR","","ALL","2010","220.55"
"BLR","","ALL","2011","207.57"
"BLR","","ALL","2012","220.92"
"BLR","","ALL","2013","222.55"
"","CARINFONET","ALL","1992","132.69"
"","CARINFONET","ALL","1993","115.62"
"","CARINFONET","ALL","1994","114"
"","CARINFONET","ALL","1995","113.55"
"","CARINFONET","ALL","1996","105.88"
"","CARINFONET","ALL","1997","101.2"
"","CARINFONET","ALL","1998","105.83"
"","CARINFONET","ALL","1999","118.21"
"","CARINFONET","ALL","2000","127.92"
"","CARINFONET","ALL","2001","141.1"
"","CARINFONET","ALL","2002","148.69"
"","CARINFONET","ALL","2003","158.13"
"","CARINFONET","ALL","2004","164.99"
"","CARINFONET","ALL","2005","171.85"
"","CARINFONET","ALL","2006","193.73"
"","CARINFONET","ALL","2007","202.09"
"","CARINFONET","ALL","2008","216.27"
"","CARINFONET","ALL","2009","231.43"
"","CARINFONET","ALL","2010","247.06"
"","CARINFONET","ALL","2011","265.73"
"","CARINFONET","ALL","2012","288.55"
"","CARINFONET","ALL","2013","299.55"
"CHE","","ALL","1961","212.13"
"CHE","","ALL","1962","240.69"
"CHE","","ALL","1963","220.27"
"CHE","","ALL","1964","219.72"
"CHE","","ALL","1965","233.25"
"CHE","","ALL","1966","232.38"
"CHE","","ALL","1967","289.58"
"CHE","","ALL","1968","220.42"
"CHE","","ALL","1969","269.8"
"CHE","","ALL","1970","220.03"
"CHE","","ALL","1971","229.37"
"CHE","","ALL","1972","198.96"
"CHE","","ALL","1973","232.52"
"CHE","","ALL","1974","216.94"
"CHE","","ALL","1975","225.73"
"CHE","","ALL","1976","214.65"
"CHE","","ALL","1977","216.69"
"CHE","","ALL","1978","235.57"
"CHE","","ALL","1979","237.31"
"CHE","","ALL","1980","238.4"
"CHE","","ALL","1981","225"
"CHE","","ALL","1982","242.31"
"CHE","","ALL","1983","221.88"
"CHE","","ALL","1984","229.46"
"CHE","","ALL","1985","222.41"
"CHE","","ALL","1986","219.4"
"CHE","","ALL","1987","213.37"
"CHE","","ALL","1988","229.79"
"CHE","","ALL","1989","220.22"
"CHE","","ALL","1990","218.49"
"CHE","","ALL","1991","211.01"
"CHE","","ALL","1992","216.43"
"CHE","","ALL","1993","209.35"
"CHE","","ALL","1994","208.64"
"CHE","","ALL","1995","212.33"
"CHE","","ALL","1996","218.28"
"CHE","","ALL","1997","206.78"
"CHE","","ALL","1998","212.7"
"CHE","","ALL","1999","189.94"
"CHE","","ALL","2000","190.13"
"CHE","","ALL","2001","185.32"
"CHE","","ALL","2002","186.48"
"CHE","","ALL","2003","175.26"
"CHE","","ALL","2004","172.29"
"CHE","","ALL","2005","159.92"
"CHE","","ALL","2006","162.57"
"CHE","","ALL","2007","169.87"
"CHE","","ALL","2008","181.88"
"CHE","","ALL","2009","195.56"
"CHE","","ALL","2010","207.01"
"CHE","","ALL","2011","218.8"
"CHE","","ALL","2012","217.55"
"CHE","","ALL","2013","212.31"
"","CIS","ALL","1992","125.88"
"","CIS","ALL","1993","116.47"
"","CIS","ALL","1994","110.82"
"","CIS","ALL","1995","117.74"
"","CIS","ALL","1996","116.5"
"","CIS","ALL","1997","118.07"
"","CIS","ALL","1998","115.25"
"","CIS","ALL","1999","118.39"
"","CIS","ALL","2000","128.24"
"","CIS","ALL","2001","135.22"
"","CIS","ALL","2002","143.42"
"","CIS","ALL","2003","151.55"
"","CIS","ALL","2004","159.85"
"","CIS","ALL","2005","171.05"
"","CIS","ALL","2006","183.09"
"","CIS","ALL","2007","183.11"
"","CIS","ALL","2008","188.43"
"","CIS","ALL","2009","191.35"
"","CIS","ALL","2010","196.27"
"","CIS","ALL","2011","210.73"
"","CIS","ALL","2012","218.91"
"","CIS","ALL","2013","224.39"
"CYP","","ALL","1961","207.05"
"CYP","","ALL","1962","204.42"
"CYP","","ALL","1963","171.89"
"CYP","","ALL","1964","234.35"
"CYP","","ALL","1965","267.06"
"CYP","","ALL","1966","294.65"
"CYP","","ALL","1967","305.73"
"CYP","","ALL","1968","348.77"
"CYP","","ALL","1969","375.28"
"CYP","","ALL","1970","374.97"
"CYP","","ALL","1971","373.8"
"CYP","","ALL","1972","342.81"
"CYP","","ALL","1973","290.01"
"CYP","","ALL","1974","268.02"
"CYP","","ALL","1975","292.66"
"CYP","","ALL","1976","267.2"
"CYP","","ALL","1977","244.71"
"CYP","","ALL","1978","258.81"
"CYP","","ALL","1979","276.51"
"CYP","","ALL","1980","272.14"
"CYP","","ALL","1981","307.37"
"CYP","","ALL","1982","294.47"
"CYP","","ALL","1983","318.7"
"CYP","","ALL","1984","337.9"
"CYP","","ALL","1985","355.64"
"CYP","","ALL","1986","208.59"
"CYP","","ALL","1987","249.36"
"CYP","","ALL","1988","213.69"
"CYP","","ALL","1989","246.46"
"CYP","","ALL","1990","267.6"
"CYP","","ALL","1991","232.83"
"CYP","","ALL","1992","255.22"
"CYP","","ALL","1993","250.49"
"CYP","","ALL","1994","202.93"
"CYP","","ALL","1995","245.77"
"CYP","","ALL","1996","223.72"
"CYP","","ALL","1997","236.59"
"CYP","","ALL","1998","276.01"
"CYP","","ALL","1999","279.85"
"CYP","","ALL","2000","246.09"
"CYP","","ALL","2001","234.71"
"CYP","","ALL","2002","229.78"
"CYP","","ALL","2003","210.47"
"CYP","","ALL","2004","218.87"
"CYP","","ALL","2005","227.63"
"CYP","","ALL","2006","230.88"
"CYP","","ALL","2007","230.24"
"CYP","","ALL","2008","199.78"
"CYP","","ALL","2009","200.99"
"CYP","","ALL","2010","198.14"
"CYP","","ALL","2011","205"
"CYP","","ALL","2012","174.27"
"CYP","","ALL","2013","161.19"
"CZE","","ALL","1993","137.08"
"CZE","","ALL","1994","143.54"
"CZE","","ALL","1995","152.33"
"CZE","","ALL","1996","161.67"
"CZE","","ALL","1997","149.58"
"CZE","","ALL","1998","152.53"
"CZE","","ALL","1999","155.84"
"CZE","","ALL","2000","146.85"
"CZE","","ALL","2001","138.58"
"CZE","","ALL","2002","130.23"
"CZE","","ALL","2003","137.69"
"CZE","","ALL","2004","143.9"
"CZE","","ALL","2005","148.71"
"CZE","","ALL","2006","146.58"
"CZE","","ALL","2007","145.66"
"CZE","","ALL","2008","154.39"
"CZE","","ALL","2009","147.78"
"CZE","","ALL","2010","142.52"
"CZE","","ALL","2011","142.51"
"CZE","","ALL","2012","126.89"
"CZE","","ALL","2013","137.8"
"DEU","","ALL","1961","127.89"
"DEU","","ALL","1962","138.1"
"DEU","","ALL","1963","145.65"
"DEU","","ALL","1964","132.87"
"DEU","","ALL","1965","134.12"
"DEU","","ALL","1966","152.24"
"DEU","","ALL","1967","156.68"
"DEU","","ALL","1968","167.14"
"DEU","","ALL","1969","161.03"
"DEU","","ALL","1970","165.7"
"DEU","","ALL","1971","165.02"
"DEU","","ALL","1972","164.93"
"DEU","","ALL","1973","176.41"
"DEU","","ALL","1974","158.79"
"DEU","","ALL","1975","167.38"
"DEU","","ALL","1976","166.69"
"DEU","","ALL","1977","164.26"
"DEU","","ALL","1978","172.52"
"DEU","","ALL","1979","172.73"
"DEU","","ALL","1980","169.78"
"DEU","","ALL","1981","160.81"
"DEU","","ALL","1982","181.86"
"DEU","","ALL","1983","164.88"
"DEU","","ALL","1984","180.85"
"DEU","","ALL","1985","175.76"
"DEU","","ALL","1986","187.52"
"DEU","","ALL","1987","183.73"
"DEU","","ALL","1988","193.6"
"DEU","","ALL","1989","188.88"
"DEU","","ALL","1990","189.63"
"DEU","","ALL","1991","179.77"
"DEU","","ALL","1992","195.62"
"DEU","","ALL","1993","159.53"
"DEU","","ALL","1994","166.06"
"DEU","","ALL","1995","157.81"
"DEU","","ALL","1996","182.1"
"DEU","","ALL","1997","169.13"
"DEU","","ALL","1998","169.39"
"DEU","","ALL","1999","172.13"
"DEU","","ALL","2000","202.93"
"DEU","","ALL","2001","179.82"
"DEU","","ALL","2002","186.8"
"DEU","","ALL","2003","179"
"DEU","","ALL","2004","175.32"
"DEU","","ALL","2005","173.29"
"DEU","","ALL","2006","172.22"
"DEU","","ALL","2007","169.74"
"DEU","","ALL","2008","168.94"
"DEU","","ALL","2009","173.24"
"DEU","","ALL","2010","168.66"
"DEU","","ALL","2011","182.23"
"DEU","","ALL","2012","184.83"
"DEU","","ALL","2013","181.37"
"DNK","","ALL","1961","90.37"
"DNK","","ALL","1962","100.69"
"DNK","","ALL","1963","104.13"
"DNK","","ALL","1964","104.85"
"DNK","","ALL","1965","100.2"
"DNK","","ALL","1966","111.94"
"DNK","","ALL","1967","107.94"
"DNK","","ALL","1968","107.12"
"DNK","","ALL","1969","104.7"
"DNK","","ALL","1970","121.71"
"DNK","","ALL","1971","108.85"
"DNK","","ALL","1972","104.82"
"DNK","","ALL","1973","114.71"
"DNK","","ALL","1974","109.26"
"DNK","","ALL","1975","106.3"
"DNK","","ALL","1976","120.26"
"DNK","","ALL","1977","130.07"
"DNK","","ALL","1978","112.08"
"DNK","","ALL","1979","123.45"
"DNK","","ALL","1980","115.5"
"DNK","","ALL","1981","115.52"
"DNK","","ALL","1982","116.15"
"DNK","","ALL","1983","114.44"
"DNK","","ALL","1984","124.55"
"DNK","","ALL","1985","139.99"
"DNK","","ALL","1986","155.13"
"DNK","","ALL","1987","154.29"
"DNK","","ALL","1988","157.39"
"DNK","","ALL","1989","153.39"
"DNK","","ALL","1990","146.88"
"DNK","","ALL","1991","149.2"
"DNK","","ALL","1992","155.89"
"DNK","","ALL","1993","142.1"
"DNK","","ALL","1994","138.8"
"DNK","","ALL","1995","139.11"
"DNK","","ALL","1996","149.74"
"DNK","","ALL","1997","178.71"
"DNK","","ALL","1998","157.17"
"DNK","","ALL","1999","187.17"
"DNK","","ALL","2000","192.5"
"DNK","","ALL","2001","183.31"
"DNK","","ALL","2002","259.15"
"DNK","","ALL","2003","237.78"
"DNK","","ALL","2004","237.56"
"DNK","","ALL","2005","234.06"
"DNK","","ALL","2006","226.52"
"DNK","","ALL","2007","208.29"
"DNK","","ALL","2008","211.15"
"DNK","","ALL","2009","238.86"
"DNK","","ALL","2010","221.29"
"DNK","","ALL","2011","220.63"
"DNK","","ALL","2012","234.52"
"DNK","","ALL","2013","226.86"
"ESP","","ALL","1961","214.03"
"ESP","","ALL","1962","203.33"
"ESP","","ALL","1963","223.56"
"ESP","","ALL","1964","221.25"
"ESP","","ALL","1965","208.47"
"ESP","","ALL","1966","211.59"
"ESP","","ALL","1967","206.76"
"ESP","","ALL","1968","212.83"
"ESP","","ALL","1969","214.4"
"ESP","","ALL","1970","214.94"
"ESP","","ALL","1971","226.07"
"ESP","","ALL","1972","238.42"
"ESP","","ALL","1973","259.26"
"ESP","","ALL","1974","269.63"
"ESP","","ALL","1975","264.03"
"ESP","","ALL","1976","246.16"
"ESP","","ALL","1977","251.31"
"ESP","","ALL","1978","263.76"
"ESP","","ALL","1979","266.96"
"ESP","","ALL","1980","265.31"
"ESP","","ALL","1981","257.03"
"ESP","","ALL","1982","265.89"
"ESP","","ALL","1983","257.43"
"ESP","","ALL","1984","256.79"
"ESP","","ALL","1985","266.52"
"ESP","","ALL","1986","261.48"
"ESP","","ALL","1987","275.81"
"ESP","","ALL","1988","294.65"
"ESP","","ALL","1989","318.69"
"ESP","","ALL","1990","328.3"
"ESP","","ALL","1991","300.8"
"ESP","","ALL","1992","308.11"
"ESP","","ALL","1993","281.01"
"ESP","","ALL","1994","270.38"
"ESP","","ALL","1995","240.12"
"ESP","","ALL","1996","259.72"
"ESP","","ALL","1997","274.56"
"ESP","","ALL","1998","261.88"
"ESP","","ALL","1999","284.27"
"ESP","","ALL","2000","271.93"
"ESP","","ALL","2001","266.59"
"ESP","","ALL","2002","283.21"
"ESP","","ALL","2003","261.63"
"ESP","","ALL","2004","257.19"
"ESP","","ALL","2005","256"
"ESP","","ALL","2006","254.63"
"ESP","","ALL","2007","241.1"
"ESP","","ALL","2008","242.77"
"ESP","","ALL","2009","234.95"
"ESP","","ALL","2010","220.17"
"ESP","","ALL","2011","200.43"
"ESP","","ALL","2012","192.39"
"ESP","","ALL","2013","191.38"
"EST","","ALL","1992","88.49"
"EST","","ALL","1993","96.16"
"EST","","ALL","1994","91.17"
"EST","","ALL","1995","110.19"
"EST","","ALL","1996","114.43"
"EST","","ALL","1997","133.78"
"EST","","ALL","1998","139.54"
"EST","","ALL","1999","144.39"
"EST","","ALL","2000","152.32"
"EST","","ALL","2001","159.12"
"EST","","ALL","2002","149.93"
"EST","","ALL","2003","170.88"
"EST","","ALL","2004","159.01"
"EST","","ALL","2005","154.12"
"EST","","ALL","2006","147.6"
"EST","","ALL","2007","179.12"
"EST","","ALL","2008","179.39"
"EST","","ALL","2009","189.84"
"EST","","ALL","2010","183.99"
"EST","","ALL","2011","193.89"
"EST","","ALL","2012","185.1"
"EST","","ALL","2013","196.32"
"","EU_AFTER_MAY2004","ALL","1992","146.82"
"","EU_AFTER_MAY2004","ALL","1993","166.51"
"","EU_AFTER_MAY2004","ALL","1994","157.4"
"","EU_AFTER_MAY2004","ALL","1995","168.55"
"","EU_AFTER_MAY2004","ALL","1996","174"
"","EU_AFTER_MAY2004","ALL","1997","172.81"
"","EU_AFTER_MAY2004","ALL","1998","180.87"
"","EU_AFTER_MAY2004","ALL","1999","185.55"
"","EU_AFTER_MAY2004","ALL","2000","182.12"
"","EU_AFTER_MAY2004","ALL","2001","181.17"
"","EU_AFTER_MAY2004","ALL","2002","168.38"
"","EU_AFTER_MAY2004","ALL","2003","188.14"
"","EU_AFTER_MAY2004","ALL","2004","190.61"
"","EU_AFTER_MAY2004","ALL","2005","180.21"
"","EU_AFTER_MAY2004","ALL","2006","186.12"
"","EU_AFTER_MAY2004","ALL","2007","177.08"
"","EU_AFTER_MAY2004","ALL","2008","179.33"
"","EU_AFTER_MAY2004","ALL","2009","185.54"
"","EU_AFTER_MAY2004","ALL","2010","173.97"
"","EU_AFTER_MAY2004","ALL","2011","185.12"
"","EU_AFTER_MAY2004","ALL","2012","173.85"
"","EU_AFTER_MAY2004","ALL","2013","177.54"
"","EU_BEFORE_MAY2004","ALL","1970","199.28"
"","EU_BEFORE_MAY2004","ALL","1971","194.94"
"","EU_BEFORE_MAY2004","ALL","1972","189.1"
"","EU_BEFORE_MAY2004","ALL","1973","199.4"
"","EU_BEFORE_MAY2004","ALL","1974","196.09"
"","EU_BEFORE_MAY2004","ALL","1975","195.99"
"","EU_BEFORE_MAY2004","ALL","1976","189.48"
"","EU_BEFORE_MAY2004","ALL","1977","190.37"
"","EU_BEFORE_MAY2004","ALL","1978","196.25"
"","EU_BEFORE_MAY2004","ALL","1979","198.36"
"","EU_BEFORE_MAY2004","ALL","1980","198.1"
"","EU_BEFORE_MAY2004","ALL","1981","195.67"
"","EU_BEFORE_MAY2004","ALL","1982","206.94"
"","EU_BEFORE_MAY2004","ALL","1983","199.29"
"","EU_BEFORE_MAY2004","ALL","1984","207.15"
"","EU_BEFORE_MAY2004","ALL","1985","206.75"
"","EU_BEFORE_MAY2004","ALL","1986","210.19"
"","EU_BEFORE_MAY2004","ALL","1987","211.16"
"","EU_BEFORE_MAY2004","ALL","1988","223.24"
"","EU_BEFORE_MAY2004","ALL","1989","227.05"
"","EU_BEFORE_MAY2004","ALL","1990","228.91"
"","EU_BEFORE_MAY2004","ALL","1991","223.81"
"","EU_BEFORE_MAY2004","ALL","1992","234.46"
"","EU_BEFORE_MAY2004","ALL","1993","217.04"
"","EU_BEFORE_MAY2004","ALL","1994","215.15"
"","EU_BEFORE_MAY2004","ALL","1995","208.18"
"","EU_BEFORE_MAY2004","ALL","1996","217.27"
"","EU_BEFORE_MAY2004","ALL","1997","212.43"
"","EU_BEFORE_MAY2004","ALL","1998","214.32"
"","EU_BEFORE_MAY2004","ALL","1999","227.19"
"","EU_BEFORE_MAY2004","ALL","2000","235.56"
"","EU_BEFORE_MAY2004","ALL","2001","224.8"
"","EU_BEFORE_MAY2004","ALL","2002","228.6"
"","EU_BEFORE_MAY2004","ALL","2003","230.46"
"","EU_BEFORE_MAY2004","ALL","2004","242.8"
"","EU_BEFORE_MAY2004","ALL","2005","237.85"
"","EU_BEFORE_MAY2004","ALL","2006","234.51"
"","EU_BEFORE_MAY2004","ALL","2007","233.03"
"","EU_BEFORE_MAY2004","ALL","2008","232.59"
"","EU_BEFORE_MAY2004","ALL","2009","236.92"
"","EU_BEFORE_MAY2004","ALL","2010","223.92"
"","EU_BEFORE_MAY2004","ALL","2011","225.39"
"","EU_BEFORE_MAY2004","ALL","2012","219.56"
"","EU_BEFORE_MAY2004","ALL","2013","222.89"
"","EU_MEMBERS","ALL","1970","186.15"
"","EU_MEMBERS","ALL","1971","181.82"
"","EU_MEMBERS","ALL","1972","177.24"
"","EU_MEMBERS","ALL","1973","186.29"
"","EU_MEMBERS","ALL","1974","182.62"
"","EU_MEMBERS","ALL","1975","183.99"
"","EU_MEMBERS","ALL","1976","180.13"
"","EU_MEMBERS","ALL","1977","181.13"
"","EU_MEMBERS","ALL","1978","186.91"
"","EU_MEMBERS","ALL","1979","189.87"
"","EU_MEMBERS","ALL","1980","186.63"
"","EU_MEMBERS","ALL","1981","187.54"
"","EU_MEMBERS","ALL","1982","198.33"
"","EU_MEMBERS","ALL","1983","190.94"
"","EU_MEMBERS","ALL","1984","199.17"
"","EU_MEMBERS","ALL","1985","196.32"
"","EU_MEMBERS","ALL","1986","198.18"
"","EU_MEMBERS","ALL","1987","197.16"
"","EU_MEMBERS","ALL","1988","208.18"
"","EU_MEMBERS","ALL","1989","210.12"
"","EU_MEMBERS","ALL","1990","211.54"
"","EU_MEMBERS","ALL","1991","207.46"
"","EU_MEMBERS","ALL","1992","214.09"
"","EU_MEMBERS","ALL","1993","205.34"
"","EU_MEMBERS","ALL","1994","201.81"
"","EU_MEMBERS","ALL","1995","199.06"
"","EU_MEMBERS","ALL","1996","207.36"
"","EU_MEMBERS","ALL","1997","203.37"
"","EU_MEMBERS","ALL","1998","206.7"
"","EU_MEMBERS","ALL","1999","217.73"
"","EU_MEMBERS","ALL","2000","223.51"
"","EU_MEMBERS","ALL","2001","215.02"
"","EU_MEMBERS","ALL","2002","215.23"
"","EU_MEMBERS","ALL","2003","221.12"
"","EU_MEMBERS","ALL","2004","231.36"
"","EU_MEMBERS","ALL","2005","225.27"
"","EU_MEMBERS","ALL","2006","224.02"
"","EU_MEMBERS","ALL","2007","220.97"
"","EU_MEMBERS","ALL","2008","221.16"
"","EU_MEMBERS","ALL","2009","225.93"
"","EU_MEMBERS","ALL","2010","213.29"
"","EU_MEMBERS","ALL","2011","216.85"
"","EU_MEMBERS","ALL","2012","209.94"
"","EU_MEMBERS","ALL","2013","213.28"
"FIN","","ALL","1961","60.1"
"FIN","","ALL","1962","58.9"
"FIN","","ALL","1963","63.48"
"FIN","","ALL","1964","63.87"
"FIN","","ALL","1965","56.14"
"FIN","","ALL","1966","65.39"
"FIN","","ALL","1967","67.15"
"FIN","","ALL","1968","62.79"
"FIN","","ALL","1969","71.8"
"FIN","","ALL","1970","71.54"
"FIN","","ALL","1971","75"
"FIN","","ALL","1972","76.73"
"FIN","","ALL","1973","78.3"
"FIN","","ALL","1974","97.61"
"FIN","","ALL","1975","109.3"
"FIN","","ALL","1976","110.08"
"FIN","","ALL","1977","103.74"
"FIN","","ALL","1978","113.79"
"FIN","","ALL","1979","117.67"
"FIN","","ALL","1980","123.86"
"FIN","","ALL","1981","116.82"
"FIN","","ALL","1982","118.12"
"FIN","","ALL","1983","122.27"
"FIN","","ALL","1984","118.34"
"FIN","","ALL","1985","106.47"
"FIN","","ALL","1986","113.27"
"FIN","","ALL","1987","124.45"
"FIN","","ALL","1988","131.92"
"FIN","","ALL","1989","139.04"
"FIN","","ALL","1990","135.63"
"FIN","","ALL","1991","139.24"
"FIN","","ALL","1992","138.39"
"FIN","","ALL","1993","134.79"
"FIN","","ALL","1994","148.15"
"FIN","","ALL","1995","117.54"
"FIN","","ALL","1996","139.95"
"FIN","","ALL","1997","144.06"
"FIN","","ALL","1998","135.49"
"FIN","","ALL","1999","157.68"
"FIN","","ALL","2000","153.29"
"FIN","","ALL","2001","160.95"
"FIN","","ALL","2002","155.7"
"FIN","","ALL","2003","164.41"
"FIN","","ALL","2004","171.03"
"FIN","","ALL","2005","173.07"
"FIN","","ALL","2006","164.43"
"FIN","","ALL","2007","172.62"
"FIN","","ALL","2008","165.63"
"FIN","","ALL","2009","174.5"
"FIN","","ALL","2010","169.69"
"FIN","","ALL","2011","182.65"
"FIN","","ALL","2012","183.22"
"FIN","","ALL","2013","184.02"
"FRA","","ALL","1961","203.76"
"FRA","","ALL","1962","218.91"
"FRA","","ALL","1963","221.44"
"FRA","","ALL","1964","225.12"
"FRA","","ALL","1965","216.4"
"FRA","","ALL","1966","215.71"
"FRA","","ALL","1967","219.04"
"FRA","","ALL","1968","216.86"
"FRA","","ALL","1969","223.04"
"FRA","","ALL","1970","219.07"
"FRA","","ALL","1971","207.91"
"FRA","","ALL","1972","192.6"
"FRA","","ALL","1973","192.05"
"FRA","","ALL","1974","184.13"
"FRA","","ALL","1975","179.83"
"FRA","","ALL","1976","174.48"
"FRA","","ALL","1977","175.8"
"FRA","","ALL","1978","186.8"
"FRA","","ALL","1979","181.3"
"FRA","","ALL","1980","178.23"
"FRA","","ALL","1981","175.05"
"FRA","","ALL","1982","184.78"
"FRA","","ALL","1983","177.74"
"FRA","","ALL","1984","185.23"
"FRA","","ALL","1985","194.08"
"FRA","","ALL","1986","192.39"
"FRA","","ALL","1987","191.62"
"FRA","","ALL","1988","207.25"
"FRA","","ALL","1989","206.67"
"FRA","","ALL","1990","206.92"
"FRA","","ALL","1991","207.33"
"FRA","","ALL","1992","210.54"
"FRA","","ALL","1993","208.04"
"FRA","","ALL","1994","190.68"
"FRA","","ALL","1995","200.86"
"FRA","","ALL","1996","194.27"
"FRA","","ALL","1997","186.91"
"FRA","","ALL","1998","194.05"
"FRA","","ALL","1999","198.48"
"FRA","","ALL","2000","206.8"
"FRA","","ALL","2001","204.59"
"FRA","","ALL","2002","210.27"
"FRA","","ALL","2003","202.99"
"FRA","","ALL","2004","219.65"
"FRA","","ALL","2005","216.29"
"FRA","","ALL","2006","208.48"
"FRA","","ALL","2007","214.47"
"FRA","","ALL","2008","216.06"
"FRA","","ALL","2009","221.55"
"FRA","","ALL","2010","216.02"
"FRA","","ALL","2011","213.35"
"FRA","","ALL","2012","206.24"
"FRA","","ALL","2013","211.66"
"GBR","","ALL","1961","113.85"
"GBR","","ALL","1962","122.81"
"GBR","","ALL","1963","129.65"
"GBR","","ALL","1964","126.57"
"GBR","","ALL","1965","123.15"
"GBR","","ALL","1966","126.37"
"GBR","","ALL","1967","126.47"
"GBR","","ALL","1968","131.37"
"GBR","","ALL","1969","134.31"
"GBR","","ALL","1970","136.63"
"GBR","","ALL","1971","137.87"
"GBR","","ALL","1972","132.92"
"GBR","","ALL","1973","143.63"
"GBR","","ALL","1974","138.73"
"GBR","","ALL","1975","125.57"
"GBR","","ALL","1976","122.43"
"GBR","","ALL","1977","143.01"
"GBR","","ALL","1978","131.32"
"GBR","","ALL","1979","138.53"
"GBR","","ALL","1980","136.48"
"GBR","","ALL","1981","137.6"
"GBR","","ALL","1982","146.36"
"GBR","","ALL","1983","144.49"
"GBR","","ALL","1984","149.39"
"GBR","","ALL","1985","146.15"
"GBR","","ALL","1986","150.74"
"GBR","","ALL","1987","151.71"
"GBR","","ALL","1988","160.74"
"GBR","","ALL","1989","164.47"
"GBR","","ALL","1990","164.43"
"GBR","","ALL","1991","163.83"
"GBR","","ALL","1992","168.64"
"GBR","","ALL","1993","168.47"
"GBR","","ALL","1994","162.46"
"GBR","","ALL","1995","155.8"
"GBR","","ALL","1996","162.69"
"GBR","","ALL","1997","164.03"
"GBR","","ALL","1998","178.02"
"GBR","","ALL","1999","178.71"
"GBR","","ALL","2000","171.82"
"GBR","","ALL","2001","182.79"
"GBR","","ALL","2002","183.63"
"GBR","","ALL","2003","207.9"
"GBR","","ALL","2004","206.49"
"GBR","","ALL","2005","222.9"
"GBR","","ALL","2006","232.44"
"GBR","","ALL","2007","218.51"
"GBR","","ALL","2008","227.2"
"GBR","","ALL","2009","213.78"
"GBR","","ALL","2010","216.12"
"GBR","","ALL","2011","222.64"
"GBR","","ALL","2012","218.91"
"GBR","","ALL","2013","224.4"
"GEO","","ALL","1992","142.51"
"GEO","","ALL","1993","131.51"
"GEO","","ALL","1994","134.95"
"GEO","","ALL","1995","146.58"
"GEO","","ALL","1996","153.59"
"GEO","","ALL","1997","155.2"
"GEO","","ALL","1998","147.13"
"GEO","","ALL","1999","124.42"
"GEO","","ALL","2000","124.19"
"GEO","","ALL","2001","125.15"
"GEO","","ALL","2002","119.28"
"GEO","","ALL","2003","124.43"
"GEO","","ALL","2004","123.49"
"GEO","","ALL","2005","150.53"
"GEO","","ALL","2006","97.98"
"GEO","","ALL","2007","101.35"
"GEO","","ALL","2008","99.68"
"GEO","","ALL","2009","91.49"
"GEO","","ALL","2010","87.3"
"GEO","","ALL","2011","97.83"
"GEO","","ALL","2012","98.49"
"GEO","","ALL","2013","107.68"
"GRC","","ALL","1961","248.06"
"GRC","","ALL","1962","244.8"
"GRC","","ALL","1963","261.54"
"GRC","","ALL","1964","287.46"
"GRC","","ALL","1965","274.5"
"GRC","","ALL","1966","305.9"
"GRC","","ALL","1967","293.4"
"GRC","","ALL","1968","328.01"
"GRC","","ALL","1969","334.43"
"GRC","","ALL","1970","350.4"
"GRC","","ALL","1971","345.29"
"GRC","","ALL","1972","319.12"
"GRC","","ALL","1973","369.57"
"GRC","","ALL","1974","401.8"
"GRC","","ALL","1975","389.13"
"GRC","","ALL","1976","323.03"
"GRC","","ALL","1977","319.24"
"GRC","","ALL","1978","367.17"
"GRC","","ALL","1979","356.63"
"GRC","","ALL","1980","363.41"
"GRC","","ALL","1981","439.72"
"GRC","","ALL","1982","387.68"
"GRC","","ALL","1983","396.05"
"GRC","","ALL","1984","445.79"
"GRC","","ALL","1985","439.38"
"GRC","","ALL","1986","365.77"
"GRC","","ALL","1987","367.55"
"GRC","","ALL","1988","440.76"
"GRC","","ALL","1989","436.87"
"GRC","","ALL","1990","424.85"
"GRC","","ALL","1991","442.67"
"GRC","","ALL","1992","425.02"
"GRC","","ALL","1993","433.15"
"GRC","","ALL","1994","450.06"
"GRC","","ALL","1995","418.05"
"GRC","","ALL","1996","420.13"
"GRC","","ALL","1997","404.01"
"GRC","","ALL","1998","407.3"
"GRC","","ALL","1999","456.51"
"GRC","","ALL","2000","452.96"
"GRC","","ALL","2001","452.7"
"GRC","","ALL","2002","429.35"
"GRC","","ALL","2003","439.09"
"GRC","","ALL","2004","487.33"
"GRC","","ALL","2005","433.74"
"GRC","","ALL","2006","389.78"
"GRC","","ALL","2007","399.71"
"GRC","","ALL","2008","370.81"
"GRC","","ALL","2009","392.16"
"GRC","","ALL","2010","343.57"
"GRC","","ALL","2011","364.37"
"GRC","","ALL","2012","345.17"
"GRC","","ALL","2013","345.91"
"HRV","","ALL","1992","112.37"
"HRV","","ALL","1993","133.08"
"HRV","","ALL","1994","154.61"
"HRV","","ALL","1995","178.21"
"HRV","","ALL","1996","188.65"
"HRV","","ALL","1997","178.8"
"HRV","","ALL","1998","189.53"
"HRV","","ALL","1999","203.42"
"HRV","","ALL","2000","181.65"
"HRV","","ALL","2001","196.11"
"HRV","","ALL","2002","203.21"
"HRV","","ALL","2003","193.27"
"HRV","","ALL","2004","153.55"
"HRV","","ALL","2005","142.28"
"HRV","","ALL","2006","178.9"
"HRV","","ALL","2007","194.37"
"HRV","","ALL","2008","195.9"
"HRV","","ALL","2009","206.74"
"HRV","","ALL","2010","186.35"
"HRV","","ALL","2011","191.06"
"HRV","","ALL","2012","164.76"
"HRV","","ALL","2013","188.73"
"HUN","","ALL","1961","147.88"
"HUN","","ALL","1962","149.21"
"HUN","","ALL","1963","162.73"
"HUN","","ALL","1964","147.04"
"HUN","","ALL","1965","133.66"
"HUN","","ALL","1966","150.14"
"HUN","","ALL","1967","157.85"
"HUN","","ALL","1968","159.27"
"HUN","","ALL","1969","165.93"
"HUN","","ALL","1970","162.86"
"HUN","","ALL","1971","161.67"
"HUN","","ALL","1972","161.9"
"HUN","","ALL","1973","165.79"
"HUN","","ALL","1974","168.64"
"HUN","","ALL","1975","165.49"
"HUN","","ALL","1976","162.93"
"HUN","","ALL","1977","169.87"
"HUN","","ALL","1978","165.7"
"HUN","","ALL","1979","168.79"
"HUN","","ALL","1980","159.76"
"HUN","","ALL","1981","155.34"
"HUN","","ALL","1982","157.13"
"HUN","","ALL","1983","153.19"
"HUN","","ALL","1984","148.88"
"HUN","","ALL","1985","154.14"
"HUN","","ALL","1986","156.04"
"HUN","","ALL","1987","161.83"
"HUN","","ALL","1988","162.81"
"HUN","","ALL","1989","158.04"
"HUN","","ALL","1990","159.25"
"HUN","","ALL","1991","159.21"
"HUN","","ALL","1992","159.39"
"HUN","","ALL","1993","159.95"
"HUN","","ALL","1994","154.32"
"HUN","","ALL","1995","152.31"
"HUN","","ALL","1996","157.44"
"HUN","","ALL","1997","163.22"
"HUN","","ALL","1998","167.56"
"HUN","","ALL","1999","165.35"
"HUN","","ALL","2000","180.98"
"HUN","","ALL","2001","165.35"
"HUN","","ALL","2002","172.22"
"HUN","","ALL","2003","183.64"
"HUN","","ALL","2004","205.44"
"HUN","","ALL","2005","188.86"
"HUN","","ALL","2006","222.58"
"HUN","","ALL","2007","187.57"
"HUN","","ALL","2008","176.95"
"HUN","","ALL","2009","187.28"
"HUN","","ALL","2010","136.01"
"HUN","","ALL","2011","145.72"
"HUN","","ALL","2012","152.05"
"HUN","","ALL","2013","137.23"
"IRL","","ALL","1961","79.6"
"IRL","","ALL","1962","84.51"
"IRL","","ALL","1963","85.53"
"IRL","","ALL","1964","84.9"
"IRL","","ALL","1965","86.83"
"IRL","","ALL","1966","84.46"
"IRL","","ALL","1967","84.45"
"IRL","","ALL","1968","85.55"
"IRL","","ALL","1969","94.25"
"IRL","","ALL","1970","96.69"
"IRL","","ALL","1971","95.39"
"IRL","","ALL","1972","92.89"
"IRL","","ALL","1973","96.93"
"IRL","","ALL","1974","102.62"
"IRL","","ALL","1975","111.02"
"IRL","","ALL","1976","118.65"
"IRL","","ALL","1977","120.6"
"IRL","","ALL","1978","128.96"
"IRL","","ALL","1979","134.37"
"IRL","","ALL","1980","137.52"
"IRL","","ALL","1981","140.3"
"IRL","","ALL","1982","147.05"
"IRL","","ALL","1983","116.72"
"IRL","","ALL","1984","125.25"
"IRL","","ALL","1985","122.92"
"IRL","","ALL","1986","130.46"
"IRL","","ALL","1987","138.36"
"IRL","","ALL","1988","139.27"
"IRL","","ALL","1989","136.27"
"IRL","","ALL","1990","147.65"
"IRL","","ALL","1991","139.44"
"IRL","","ALL","1992","145.13"
"IRL","","ALL","1993","146.58"
"IRL","","ALL","1994","147.86"
"IRL","","ALL","1995","127.58"
"IRL","","ALL","1996","159.05"
"IRL","","ALL","1997","136.47"
"IRL","","ALL","1998","138.07"
"IRL","","ALL","1999","126.67"
"IRL","","ALL","2000","138.12"
"IRL","","ALL","2001","160.74"
"IRL","","ALL","2002","191.16"
"IRL","","ALL","2003","213.63"
"IRL","","ALL","2004","195.86"
"IRL","","ALL","2005","183.42"
"IRL","","ALL","2006","191.93"
"IRL","","ALL","2007","221.24"
"IRL","","ALL","2008","237.7"
"IRL","","ALL","2009","230.02"
"IRL","","ALL","2010","221.29"
"IRL","","ALL","2011","219.59"
"IRL","","ALL","2012","247.49"
"IRL","","ALL","2013","252.47"
"ISL","","ALL","1961","50.89"
"ISL","","ALL","1962","54.76"
"ISL","","ALL","1963","55.16"
"ISL","","ALL","1964","63.93"
"ISL","","ALL","1965","63.61"
"ISL","","ALL","1966","66.01"
"ISL","","ALL","1967","65.04"
"ISL","","ALL","1968","64.9"
"ISL","","ALL","1969","59.12"
"ISL","","ALL","1970","63.85"
"ISL","","ALL","1971","64.21"
"ISL","","ALL","1972","69.81"
"ISL","","ALL","1973","72.51"
"ISL","","ALL","1974","72.68"
"ISL","","ALL","1975","70.31"
"ISL","","ALL","1976","78.64"
"ISL","","ALL","1977","81.08"
"ISL","","ALL","1978","85.6"
"ISL","","ALL","1979","87.24"
"ISL","","ALL","1980","87.09"
"ISL","","ALL","1981","91.2"
"ISL","","ALL","1982","90.1"
"ISL","","ALL","1983","84.62"
"ISL","","ALL","1984","89.15"
"ISL","","ALL","1985","83.97"
"ISL","","ALL","1986","97.01"
"ISL","","ALL","1987","102.83"
"ISL","","ALL","1988","131.49"
"ISL","","ALL","1989","127.7"
"ISL","","ALL","1990","112.18"
"ISL","","ALL","1991","121.18"
"ISL","","ALL","1992","126.17"
"ISL","","ALL","1993","128.23"
"ISL","","ALL","1994","127.51"
"ISL","","ALL","1995","125.98"
"ISL","","ALL","1996","127.99"
"ISL","","ALL","1997","131.05"
"ISL","","ALL","1998","133.55"
"ISL","","ALL","1999","137.88"
"ISL","","ALL","2000","150.74"
"ISL","","ALL","2001","159.77"
"ISL","","ALL","2002","167.44"
"ISL","","ALL","2003","162.32"
"ISL","","ALL","2004","167.93"
"ISL","","ALL","2005","179.42"
"ISL","","ALL","2006","209.19"
"ISL","","ALL","2007","225.64"
"ISL","","ALL","2008","216.13"
"ISL","","ALL","2009","197.53"
"ISL","","ALL","2010","192.31"
"ISL","","ALL","2011","193.44"
"ISL","","ALL","2012","209.16"
"ISL","","ALL","2013","203.21"
"ISR","","ALL","1961","298.72"
"ISR","","ALL","1962","294.81"
"ISR","","ALL","1963","290.58"
"ISR","","ALL","1964","362.47"
"ISR","","ALL","1965","309.51"
"ISR","","ALL","1966","318.53"
"ISR","","ALL","1967","329.69"
"ISR","","ALL","1968","354.47"
"ISR","","ALL","1969","341.26"
"ISR","","ALL","1970","341.77"
"ISR","","ALL","1971","376.56"
"ISR","","ALL","1972","398.34"
"ISR","","ALL","1973","408.2"
"ISR","","ALL","1974","378.09"
"ISR","","ALL","1975","342.9"
"ISR","","ALL","1976","332.32"
"ISR","","ALL","1977","308.63"
"ISR","","ALL","1978","294.93"
"ISR","","ALL","1979","289.41"
"ISR","","ALL","1980","290.4"
"ISR","","ALL","1981","293.76"
"ISR","","ALL","1982","368.44"
"ISR","","ALL","1983","367.75"
"ISR","","ALL","1984","357.93"
"ISR","","ALL","1985","325.4"
"ISR","","ALL","1986","313.77"
"ISR","","ALL","1987","326.51"
"ISR","","ALL","1988","305.45"
"ISR","","ALL","1989","335.26"
"ISR","","ALL","1990","375.91"
"ISR","","ALL","1991","307.35"
"ISR","","ALL","1992","348.53"
"ISR","","ALL","1993","355.97"
"ISR","","ALL","1994","352.85"
"ISR","","ALL","1995","379.32"
"ISR","","ALL","1996","374.35"
"ISR","","ALL","1997","376.68"
"ISR","","ALL","1998","378"
"ISR","","ALL","1999","398.74"
"ISR","","ALL","2000","380.77"
"ISR","","ALL","2001","384.49"
"ISR","","ALL","2002","394.08"
"ISR","","ALL","2003","365.71"
"ISR","","ALL","2004","404.66"
"ISR","","ALL","2005","387.83"
"ISR","","ALL","2006","328.85"
"ISR","","ALL","2007","313.68"
"ISR","","ALL","2008","286.98"
"ISR","","ALL","2009","313.58"
"ISR","","ALL","2010","283.49"
"ISR","","ALL","2011","276.03"
"ISR","","ALL","2012","300.14"
"ISR","","ALL","2013","293.08"
"ITA","","ALL","1961","229.55"
"ITA","","ALL","1962","220.22"
"ITA","","ALL","1963","252.03"
"ITA","","ALL","1964","264.88"
"ITA","","ALL","1965","266.37"
"ITA","","ALL","1966","277.62"
"ITA","","ALL","1967","277.1"
"ITA","","ALL","1968","280.02"
"ITA","","ALL","1969","296.59"
"ITA","","ALL","1970","301.65"
"ITA","","ALL","1971","284.31"
"ITA","","ALL","1972","266.16"
"ITA","","ALL","1973","277.04"
"ITA","","ALL","1974","280.11"
"ITA","","ALL","1975","279.97"
"ITA","","ALL","1976","276.98"
"ITA","","ALL","1977","256.46"
"ITA","","ALL","1978","265.24"
"ITA","","ALL","1979","268.32"
"ITA","","ALL","1980","282.59"
"ITA","","ALL","1981","278.15"
"ITA","","ALL","1982","292.14"
"ITA","","ALL","1983","291.84"
"ITA","","ALL","1984","291.58"
"ITA","","ALL","1985","286.54"
"ITA","","ALL","1986","291.48"
"ITA","","ALL","1987","293.65"
"ITA","","ALL","1988","298.27"
"ITA","","ALL","1989","304.95"
"ITA","","ALL","1990","300.96"
"ITA","","ALL","1991","306.27"
"ITA","","ALL","1992","334.53"
"ITA","","ALL","1993","298.33"
"ITA","","ALL","1994","302.27"
"ITA","","ALL","1995","297.11"
"ITA","","ALL","1996","307.22"
"ITA","","ALL","1997","296.21"
"ITA","","ALL","1998","294.5"
"ITA","","ALL","1999","321.92"
"ITA","","ALL","2000","343.25"
"ITA","","ALL","2001","293.97"
"ITA","","ALL","2002","288.21"
"ITA","","ALL","2003","308.4"
"ITA","","ALL","2004","352.17"
"ITA","","ALL","2005","336.96"
"ITA","","ALL","2006","321.63"
"ITA","","ALL","2007","319.32"
"ITA","","ALL","2008","308.99"
"ITA","","ALL","2009","349.21"
"ITA","","ALL","2010","300.66"
"ITA","","ALL","2011","288.41"
"ITA","","ALL","2012","263.76"
"ITA","","ALL","2013","268.66"
"KAZ","","ALL","1992","77.92"
"KAZ","","ALL","1993","62.29"
"KAZ","","ALL","1994","65.04"
"KAZ","","ALL","1995","64.6"
"KAZ","","ALL","1996","61.54"
"KAZ","","ALL","1997","64.67"
"KAZ","","ALL","1998","76.96"
"KAZ","","ALL","1999","85.05"
"KAZ","","ALL","2000","102.31"
"KAZ","","ALL","2001","133.01"
"KAZ","","ALL","2002","151.48"
"KAZ","","ALL","2003","163.93"
"KAZ","","ALL","2004","177.66"
"KAZ","","ALL","2005","186.9"
"KAZ","","ALL","2006","178.45"
"KAZ","","ALL","2007","187.58"
"KAZ","","ALL","2008","199.81"
"KAZ","","ALL","2009","213.44"
"KAZ","","ALL","2010","234.26"
"KAZ","","ALL","2011","269.16"
"KAZ","","ALL","2012","284.76"
"KAZ","","ALL","2013","287.87"
"KGZ","","ALL","1992","102"
"KGZ","","ALL","1993","59.51"
"KGZ","","ALL","1994","65.46"
"KGZ","","ALL","1995","58.17"
"KGZ","","ALL","1996","69.52"
"KGZ","","ALL","1997","76.93"
"KGZ","","ALL","1998","102.57"
"KGZ","","ALL","1999","127.77"
"KGZ","","ALL","2000","156.5"
"KGZ","","ALL","2001","173.58"
"KGZ","","ALL","2002","139.4"
"KGZ","","ALL","2003","161.37"
"KGZ","","ALL","2004","169.3"
"KGZ","","ALL","2005","167.4"
"KGZ","","ALL","2006","197.84"
"KGZ","","ALL","2007","191.31"
"KGZ","","ALL","2008","179.31"
"KGZ","","ALL","2009","185.66"
"KGZ","","ALL","2010","184.01"
"KGZ","","ALL","2011","178.31"
"KGZ","","ALL","2012","179.03"
"KGZ","","ALL","2013","180.34"
"LTU","","ALL","1992","96.78"
"LTU","","ALL","1993","131.29"
"LTU","","ALL","1994","88.04"
"LTU","","ALL","1995","101.2"
"LTU","","ALL","1996","123.22"
"LTU","","ALL","1997","157.98"
"LTU","","ALL","1998","146.98"
"LTU","","ALL","1999","159.13"
"LTU","","ALL","2000","159.13"
"LTU","","ALL","2001","166.89"
"LTU","","ALL","2002","147.14"
"LTU","","ALL","2003","183.75"
"LTU","","ALL","2004","162.41"
"LTU","","ALL","2005","189.47"
"LTU","","ALL","2006","195.76"
"LTU","","ALL","2007","195.9"
"LTU","","ALL","2008","162.34"
"LTU","","ALL","2009","164.18"
"LTU","","ALL","2010","137.06"
"LTU","","ALL","2011","151.06"
"LTU","","ALL","2012","166.92"
"LTU","","ALL","2013","158.07"
"LUX","","ALL","2000","300.12"
"LUX","","ALL","2001","301.47"
"LUX","","ALL","2002","324.61"
"LUX","","ALL","2003","331.71"
"LUX","","ALL","2004","289.94"
"LUX","","ALL","2005","276.72"
"LUX","","ALL","2006","287.6"
"LUX","","ALL","2007","274.82"
"LUX","","ALL","2008","295.19"
"LUX","","ALL","2009","256.46"
"LUX","","ALL","2010","286.35"
"LUX","","ALL","2011","311.42"
"LUX","","ALL","2012","310.2"
"LUX","","ALL","2013","308.27"
"LVA","","ALL","1992","108.52"
"LVA","","ALL","1993","134.58"
"LVA","","ALL","1994","118.67"
"LVA","","ALL","1995","109.78"
"LVA","","ALL","1996","136.58"
"LVA","","ALL","1997","127.5"
"LVA","","ALL","1998","114.61"
"LVA","","ALL","1999","134.09"
"LVA","","ALL","2000","130.07"
"LVA","","ALL","2001","150.6"
"LVA","","ALL","2002","153.97"
"LVA","","ALL","2003","164.55"
"LVA","","ALL","2004","161.3"
"LVA","","ALL","2005","166.33"
"LVA","","ALL","2006","162.53"
"LVA","","ALL","2007","166.95"
"LVA","","ALL","2008","158.61"
"LVA","","ALL","2009","153.85"
"LVA","","ALL","2010","153.01"
"LVA","","ALL","2011","160.72"
"LVA","","ALL","2012","157.03"
"LVA","","ALL","2013","161.03"
"MDA","","ALL","1992","165.49"
"MDA","","ALL","1993","188.22"
"MDA","","ALL","1994","158.04"
"MDA","","ALL","1995","156.31"
"MDA","","ALL","1996","137.63"
"MDA","","ALL","1997","152.55"
"MDA","","ALL","1998","163.44"
"MDA","","ALL","1999","160.39"
"MDA","","ALL","2000","132.06"
"MDA","","ALL","2001","159.18"
"MDA","","ALL","2002","146.16"
"MDA","","ALL","2003","149.2"
"MDA","","ALL","2004","128.51"
"MDA","","ALL","2005","146.34"
"MDA","","ALL","2006","184"
"MDA","","ALL","2007","113.08"
"MDA","","ALL","2008","169.67"
"MDA","","ALL","2009","146.52"
"MDA","","ALL","2010","149.59"
"MDA","","ALL","2011","152.86"
"MDA","","ALL","2012","134.4"
"MDA","","ALL","2013","145.17"
"MKD","","ALL","1992","248.49"
"MKD","","ALL","1993","213.68"
"MKD","","ALL","1994","240.39"
"MKD","","ALL","1995","254.28"
"MKD","","ALL","1996","264.79"
"MKD","","ALL","1997","237.72"
"MKD","","ALL","1998","273.7"
"MKD","","ALL","1999","278.31"
"MKD","","ALL","2000","302.68"
"MKD","","ALL","2001","275"
"MKD","","ALL","2002","228.83"
"MKD","","ALL","2003","248.21"
"MKD","","ALL","2004","246.24"
"MKD","","ALL","2005","247.56"
"MKD","","ALL","2006","222.39"
"MKD","","ALL","2007","264.28"
"MKD","","ALL","2008","256.28"
"MKD","","ALL","2009","309.74"
"MKD","","ALL","2010","301.92"
"MKD","","ALL","2011","294.78"
"MKD","","ALL","2012","296.73"
"MKD","","ALL","2013","301.28"
"MLT","","ALL","1961","123.05"
"MLT","","ALL","1962","127.96"
"MLT","","ALL","1963","134.75"
"MLT","","ALL","1964","139.51"
"MLT","","ALL","1965","118.86"
"MLT","","ALL","1966","125.21"
"MLT","","ALL","1967","136.87"
"MLT","","ALL","1968","138.01"
"MLT","","ALL","1969","170.15"
"MLT","","ALL","1970","140.19"
"MLT","","ALL","1971","157.42"
"MLT","","ALL","1972","167.68"
"MLT","","ALL","1973","165.05"
"MLT","","ALL","1974","171.14"
"MLT","","ALL","1975","182.58"
"MLT","","ALL","1976","201.57"
"MLT","","ALL","1977","177.12"
"MLT","","ALL","1978","162.65"
"MLT","","ALL","1979","170.58"
"MLT","","ALL","1980","199.85"
"MLT","","ALL","1981","188.51"
"MLT","","ALL","1982","187.48"
"MLT","","ALL","1983","185.86"
"MLT","","ALL","1984","183.14"
"MLT","","ALL","1985","184.86"
"MLT","","ALL","1986","182.39"
"MLT","","ALL","1987","194.23"
"MLT","","ALL","1988","203.86"
"MLT","","ALL","1989","198.12"
"MLT","","ALL","1990","209.76"
"MLT","","ALL","1991","199.28"
"MLT","","ALL","1992","202.05"
"MLT","","ALL","1993","224.7"
"MLT","","ALL","1994","207.29"
"MLT","","ALL","1995","229.73"
"MLT","","ALL","1996","276.66"
"MLT","","ALL","1997","246.09"
"MLT","","ALL","1998","299.51"
"MLT","","ALL","1999","288.48"
"MLT","","ALL","2000","286.26"
"MLT","","ALL","2001","283.27"
"MLT","","ALL","2002","279.18"
"MLT","","ALL","2003","286.91"
"MLT","","ALL","2004","320.14"
"MLT","","ALL","2005","313.8"
"MLT","","ALL","2006","315.03"
"MLT","","ALL","2007","302.97"
"MLT","","ALL","2008","306.39"
"MLT","","ALL","2009","300.76"
"MLT","","ALL","2010","273.96"
"MLT","","ALL","2011","289.34"
"MLT","","ALL","2012","283.41"
"MLT","","ALL","2013","278.62"
"MNE","","ALL","2006","327"
"MNE","","ALL","2007","366.6"
"MNE","","ALL","2008","467.64"
"MNE","","ALL","2009","448.79"
"MNE","","ALL","2010","407.07"
"MNE","","ALL","2011","412.52"
"MNE","","ALL","2012","355.04"
"MNE","","ALL","2013","375.9"
"NLD","","ALL","1961","140.13"
"NLD","","ALL","1962","142.06"
"NLD","","ALL","1963","151.81"
"NLD","","ALL","1964","169.51"
"NLD","","ALL","1965","140.76"
"NLD","","ALL","1966","155.33"
"NLD","","ALL","1967","180.1"
"NLD","","ALL","1968","167.74"
"NLD","","ALL","1969","171.81"
"NLD","","ALL","1970","180.56"
"NLD","","ALL","1971","164.67"
"NLD","","ALL","1972","154.53"
"NLD","","ALL","1973","164.2"
"NLD","","ALL","1974","159.57"
"NLD","","ALL","1975","159.05"
"NLD","","ALL","1976","166.03"
"NLD","","ALL","1977","173.72"
"NLD","","ALL","1978","184.49"
"NLD","","ALL","1979","195.85"
"NLD","","ALL","1980","176.26"
"NLD","","ALL","1981","172.13"
"NLD","","ALL","1982","190.38"
"NLD","","ALL","1983","177.33"
"NLD","","ALL","1984","179.62"
"NLD","","ALL","1985","170.35"
"NLD","","ALL","1986","193.59"
"NLD","","ALL","1987","184.95"
"NLD","","ALL","1988","202.46"
"NLD","","ALL","1989","193.19"
"NLD","","ALL","1990","212.24"
"NLD","","ALL","1991","206.03"
"NLD","","ALL","1992","256.4"
"NLD","","ALL","1993","210.99"
"NLD","","ALL","1994","211.98"
"NLD","","ALL","1995","213.79"
"NLD","","ALL","1996","205.79"
"NLD","","ALL","1997","182.46"
"NLD","","ALL","1998","177.55"
"NLD","","ALL","1999","217.51"
"NLD","","ALL","2000","219.03"
"NLD","","ALL","2001","223.29"
"NLD","","ALL","2002","229.92"
"NLD","","ALL","2003","213.43"
"NLD","","ALL","2004","224.26"
"NLD","","ALL","2005","213.11"
"NLD","","ALL","2006","224.25"
"NLD","","ALL","2007","240.67"
"NLD","","ALL","2008","228.71"
"NLD","","ALL","2009","199.79"
"NLD","","ALL","2010","194.57"
"NLD","","ALL","2011","238.25"
"NLD","","ALL","2012","234.4"
"NLD","","ALL","2013","262.36"
"NOR","","ALL","1961","110.19"
"NOR","","ALL","1962","116.51"
"NOR","","ALL","1963","120.95"
"NOR","","ALL","1964","114.32"
"NOR","","ALL","1965","119.63"
"NOR","","ALL","1966","127.4"
"NOR","","ALL","1967","120.67"
"NOR","","ALL","1968","128.27"
"NOR","","ALL","1969","130.56"
"NOR","","ALL","1970","128.27"
"NOR","","ALL","1971","127.99"
"NOR","","ALL","1972","130.12"
"NOR","","ALL","1973","128.63"
"NOR","","ALL","1974","133.58"
"NOR","","ALL","1975","125.03"
"NOR","","ALL","1976","137.78"
"NOR","","ALL","1977","135.73"
"NOR","","ALL","1978","143.47"
"NOR","","ALL","1979","135.87"
"NOR","","ALL","1980","146.86"
"NOR","","ALL","1981","148.01"
"NOR","","ALL","1982","153.33"
"NOR","","ALL","1983","142.94"
"NOR","","ALL","1984","153.33"
"NOR","","ALL","1985","149.95"
"NOR","","ALL","1986","157.75"
"NOR","","ALL","1987","163.93"
"NOR","","ALL","1988","164.93"
"NOR","","ALL","1989","164.22"
"NOR","","ALL","1990","155.91"
"NOR","","ALL","1991","150.46"
"NOR","","ALL","1992","151.85"
"NOR","","ALL","1993","161.44"
"NOR","","ALL","1994","163.5"
"NOR","","ALL","1995","157.68"
"NOR","","ALL","1996","162.39"
"NOR","","ALL","1997","165.31"
"NOR","","ALL","1998","162.56"
"NOR","","ALL","1999","170.85"
"NOR","","ALL","2000","169.03"
"NOR","","ALL","2001","176.75"
"NOR","","ALL","2002","190.4"
"NOR","","ALL","2003","199.69"
"NOR","","ALL","2004","205.62"
"NOR","","ALL","2005","205.89"
"NOR","","ALL","2006","210.11"
"NOR","","ALL","2007","220.15"
"NOR","","ALL","2008","229.68"
"NOR","","ALL","2009","207.88"
"NOR","","ALL","2010","199.21"
"NOR","","ALL","2011","215.65"
"NOR","","ALL","2012","213.88"
"NOR","","ALL","2013","218.1"
"","NORDIC","ALL","1970","112.81"
"","NORDIC","ALL","1971","110.19"
"","NORDIC","ALL","1972","109.03"
"","NORDIC","ALL","1973","111.22"
"","NORDIC","ALL","1974","116.56"
"","NORDIC","ALL","1975","117.81"
"","NORDIC","ALL","1976","126.27"
"","NORDIC","ALL","1977","126.25"
"","NORDIC","ALL","1978","122.57"
"","NORDIC","ALL","1979","127.93"
"","NORDIC","ALL","1980","127.42"
"","NORDIC","ALL","1981","127.71"
"","NORDIC","ALL","1982","127.81"
"","NORDIC","ALL","1983","125.56"
"","NORDIC","ALL","1984","130.31"
"","NORDIC","ALL","1985","130.44"
"","NORDIC","ALL","1986","138.1"
"","NORDIC","ALL","1987","142.66"
"","NORDIC","ALL","1988","151.09"
"","NORDIC","ALL","1989","153.88"
"","NORDIC","ALL","1990","151.59"
"","NORDIC","ALL","1991","147.24"
"","NORDIC","ALL","1992","150.65"
"","NORDIC","ALL","1993","148.01"
"","NORDIC","ALL","1994","153.52"
"","NORDIC","ALL","1995","140.61"
"","NORDIC","ALL","1996","150.77"
"","NORDIC","ALL","1997","162.35"
"","NORDIC","ALL","1998","156.07"
"","NORDIC","ALL","1999","172.17"
"","NORDIC","ALL","2000","171.76"
"","NORDIC","ALL","2001","174.67"
"","NORDIC","ALL","2002","196.22"
"","NORDIC","ALL","2003","197.91"
"","NORDIC","ALL","2004","202.06"
"","NORDIC","ALL","2005","200.35"
"","NORDIC","ALL","2006","200.43"
"","NORDIC","ALL","2007","201.4"
"","NORDIC","ALL","2008","209.43"
"","NORDIC","ALL","2009","208.02"
"","NORDIC","ALL","2010","200.76"
"","NORDIC","ALL","2011","207.77"
"","NORDIC","ALL","2012","212.61"
"","NORDIC","ALL","2013","213.15"
"POL","","ALL","1961","109.43"
"POL","","ALL","1962","100.23"
"POL","","ALL","1963","119.01"
"POL","","ALL","1964","123.5"
"POL","","ALL","1965","121.05"
"POL","","ALL","1966","139.45"
"POL","","ALL","1967","125.39"
"POL","","ALL","1968","125.75"
"POL","","ALL","1969","122.11"
"POL","","ALL","1970","141.25"
"POL","","ALL","1971","122.48"
"POL","","ALL","1972","123.97"
"POL","","ALL","1973","134.74"
"POL","","ALL","1974","122.07"
"POL","","ALL","1975","141.87"
"POL","","ALL","1976","133.66"
"POL","","ALL","1977","143.12"
"POL","","ALL","1978","151.58"
"POL","","ALL","1979","160.76"
"POL","","ALL","1980","142.17"
"POL","","ALL","1981","153.41"
"POL","","ALL","1982","151.07"
"POL","","ALL","1983","142.78"
"POL","","ALL","1984","154.69"
"POL","","ALL","1985","136.56"
"POL","","ALL","1986","151.84"
"POL","","ALL","1987","136.86"
"POL","","ALL","1988","151.24"
"POL","","ALL","1989","150.31"
"POL","","ALL","1990","152.25"
"POL","","ALL","1991","168.51"
"POL","","ALL","1992","153.93"
"POL","","ALL","1993","177.79"
"POL","","ALL","1994","161.64"
"POL","","ALL","1995","175.97"
"POL","","ALL","1996","178.78"
"POL","","ALL","1997","182.34"
"POL","","ALL","1998","185.11"
"POL","","ALL","1999","181.25"
"POL","","ALL","2000","185.53"
"POL","","ALL","2001","187.16"
"POL","","ALL","2002","158.21"
"POL","","ALL","2003","171.59"
"POL","","ALL","2004","177.29"
"POL","","ALL","2005","166.11"
"POL","","ALL","2006","164.63"
"POL","","ALL","2007","172.45"
"POL","","ALL","2008","168.25"
"POL","","ALL","2009","180.81"
"POL","","ALL","2010","166"
"POL","","ALL","2011","183.25"
"POL","","ALL","2012","177.43"
"POL","","ALL","2013","167.9"
"PRT","","ALL","1961","173.73"
"PRT","","ALL","1962","168.65"
"PRT","","ALL","1963","181.79"
"PRT","","ALL","1964","195.45"
"PRT","","ALL","1965","206.12"
"PRT","","ALL","1966","191.28"
"PRT","","ALL","1967","201.57"
"PRT","","ALL","1968","190.61"
"PRT","","ALL","1969","207.92"
"PRT","","ALL","1970","201.61"
"PRT","","ALL","1971","196.48"
"PRT","","ALL","1972","204.12"
"PRT","","ALL","1973","196.78"
"PRT","","ALL","1974","207.2"
"PRT","","ALL","1975","237.98"
"PRT","","ALL","1976","172.3"
"PRT","","ALL","1977","179.63"
"PRT","","ALL","1978","179.7"
"PRT","","ALL","1979","170.23"
"PRT","","ALL","1980","159.5"
"PRT","","ALL","1981","149.74"
"PRT","","ALL","1982","177.83"
"PRT","","ALL","1983","174.22"
"PRT","","ALL","1984","191.71"
"PRT","","ALL","1985","202.6"
"PRT","","ALL","1986","215.52"
"PRT","","ALL","1987","217.7"
"PRT","","ALL","1988","212.34"
"PRT","","ALL","1989","244.75"
"PRT","","ALL","1990","281.24"
"PRT","","ALL","1991","258.89"
"PRT","","ALL","1992","224.43"
"PRT","","ALL","1993","258.71"
"PRT","","ALL","1994","265.9"
"PRT","","ALL","1995","287.62"
"PRT","","ALL","1996","283.03"
"PRT","","ALL","1997","269.2"
"PRT","","ALL","1998","318.67"
"PRT","","ALL","1999","322.78"
"PRT","","ALL","2000","297.78"
"PRT","","ALL","2001","308.54"
"PRT","","ALL","2002","276.41"
"PRT","","ALL","2003","263.93"
"PRT","","ALL","2004","343.78"
"PRT","","ALL","2005","300.66"
"PRT","","ALL","2006","270.3"
"PRT","","ALL","2007","292.71"
"PRT","","ALL","2008","279.43"
"PRT","","ALL","2009","309.46"
"PRT","","ALL","2010","308.51"
"PRT","","ALL","2011","275.7"
"PRT","","ALL","2012","282.94"
"PRT","","ALL","2013","277.31"
"ROU","","ALL","1961","119.2"
"ROU","","ALL","1962","102.39"
"ROU","","ALL","1963","121.79"
"ROU","","ALL","1964","103.53"
"ROU","","ALL","1965","113.63"
"ROU","","ALL","1966","151.83"
"ROU","","ALL","1967","130.71"
"ROU","","ALL","1968","133.35"
"ROU","","ALL","1969","137.15"
"ROU","","ALL","1970","118.39"
"ROU","","ALL","1971","132.49"
"ROU","","ALL","1972","139.66"
"ROU","","ALL","1973","144.39"
"ROU","","ALL","1974","141.34"
"ROU","","ALL","1975","139.65"
"ROU","","ALL","1976","179.93"
"ROU","","ALL","1977","171.62"
"ROU","","ALL","1978","184.79"
"ROU","","ALL","1979","192.3"
"ROU","","ALL","1980","169.82"
"ROU","","ALL","1981","204.09"
"ROU","","ALL","1982","250.09"
"ROU","","ALL","1983","238.44"
"ROU","","ALL","1984","262"
"ROU","","ALL","1985","243.59"
"ROU","","ALL","1986","204.01"
"ROU","","ALL","1987","181.51"
"ROU","","ALL","1988","201.38"
"ROU","","ALL","1989","190.4"
"ROU","","ALL","1990","181.38"
"ROU","","ALL","1991","162.74"
"ROU","","ALL","1992","148.25"
"ROU","","ALL","1993","196.38"
"ROU","","ALL","1994","182.39"
"ROU","","ALL","1995","188.91"
"ROU","","ALL","1996","189.32"
"ROU","","ALL","1997","178.66"
"ROU","","ALL","1998","192.02"
"ROU","","ALL","1999","215.17"
"ROU","","ALL","2000","199.7"
"ROU","","ALL","2001","214.94"
"ROU","","ALL","2002","210.36"
"ROU","","ALL","2003","260.46"
"ROU","","ALL","2004","266.94"
"ROU","","ALL","2005","256.92"
"ROU","","ALL","2006","255.92"
"ROU","","ALL","2007","208.1"
"ROU","","ALL","2008","235.37"
"ROU","","ALL","2009","239.17"
"ROU","","ALL","2010","246.31"
"ROU","","ALL","2011","259.17"
"ROU","","ALL","2012","234.53"
"ROU","","ALL","2013","255.36"
"RUS","","ALL","1992","120"
"RUS","","ALL","1993","107.86"
"RUS","","ALL","1994","104.26"
"RUS","","ALL","1995","110.29"
"RUS","","ALL","1996","111.48"
"RUS","","ALL","1997","116.92"
"RUS","","ALL","1998","113.02"
"RUS","","ALL","1999","113.84"
"RUS","","ALL","2000","124.6"
"RUS","","ALL","2001","129.3"
"RUS","","ALL","2002","137.49"
"RUS","","ALL","2003","143.61"
"RUS","","ALL","2004","155.06"
"RUS","","ALL","2005","166.19"
"RUS","","ALL","2006","174.48"
"RUS","","ALL","2007","173.54"
"RUS","","ALL","2008","170.32"
"RUS","","ALL","2009","167.59"
"RUS","","ALL","2010","170.6"
"RUS","","ALL","2011","177.95"
"RUS","","ALL","2012","180.98"
"RUS","","ALL","2013","185.19"
"","SEEHN","ALL","1992","188.22"
"","SEEHN","ALL","1993","207.96"
"","SEEHN","ALL","1994","203.06"
"","SEEHN","ALL","1995","213.55"
"","SEEHN","ALL","1996","212.21"
"","SEEHN","ALL","1997","209.99"
"","SEEHN","ALL","1998","223.55"
"","SEEHN","ALL","1999","232.63"
"","SEEHN","ALL","2000","221"
"","SEEHN","ALL","2001","226.73"
"","SEEHN","ALL","2002","223.54"
"","SEEHN","ALL","2003","247.89"
"","SEEHN","ALL","2004","255.66"
"","SEEHN","ALL","2005","244.53"
"","SEEHN","ALL","2006","242.37"
"","SEEHN","ALL","2007","218.13"
"","SEEHN","ALL","2008","232.92"
"","SEEHN","ALL","2009","239.55"
"","SEEHN","ALL","2010","232.09"
"","SEEHN","ALL","2011","240.06"
"","SEEHN","ALL","2012","226.24"
"","SEEHN","ALL","2013","247.24"
"","SMALL","ALL","2000","271.93"
"","SMALL","ALL","2001","269.28"
"","SMALL","ALL","2002","272.14"
"","SMALL","ALL","2003","268.31"
"","SMALL","ALL","2004","268.97"
"","SMALL","ALL","2005","269.24"
"","SMALL","ALL","2006","275.5"
"","SMALL","ALL","2007","282.22"
"","SMALL","ALL","2008","299.85"
"","SMALL","ALL","2009","284.82"
"","SMALL","ALL","2010","273.78"
"","SMALL","ALL","2011","284.06"
"","SMALL","ALL","2012","261.85"
"","SMALL","ALL","2013","260.92"
"SRB","","ALL","2006","223.36"
"SRB","","ALL","2007","211.74"
"SRB","","ALL","2008","235.72"
"SRB","","ALL","2009","242.43"
"SRB","","ALL","2010","185.25"
"SRB","","ALL","2011","203.99"
"SRB","","ALL","2012","153.66"
"SRB","","ALL","2013","216.78"
"SVK","","ALL","1993","117.9"
"SVK","","ALL","1994","115.5"
"SVK","","ALL","1995","118.45"
"SVK","","ALL","1996","150.38"
"SVK","","ALL","1997","152.51"
"SVK","","ALL","1998","170.34"
"SVK","","ALL","1999","168.98"
"SVK","","ALL","2000","148.4"
"SVK","","ALL","2001","130.47"
"SVK","","ALL","2002","124.62"
"SVK","","ALL","2003","132.91"
"SVK","","ALL","2004","132.31"
"SVK","","ALL","2005","135.85"
"SVK","","ALL","2006","143.51"
"SVK","","ALL","2007","151.76"
"SVK","","ALL","2008","163.58"
"SVK","","ALL","2009","162.88"
"SVK","","ALL","2010","156.38"
"SVK","","ALL","2011","157.02"
"SVK","","ALL","2012","115.15"
"SVK","","ALL","2013","118.51"
"SVN","","ALL","1992","101.58"
"SVN","","ALL","1993","126.58"
"SVN","","ALL","1994","143.06"
"SVN","","ALL","1995","153.98"
"SVN","","ALL","1996","200.37"
"SVN","","ALL","1997","176.35"
"SVN","","ALL","1998","188.34"
"SVN","","ALL","1999","218.11"
"SVN","","ALL","2000","233.02"
"SVN","","ALL","2001","186.02"
"SVN","","ALL","2002","222.87"
"SVN","","ALL","2003","218.26"
"SVN","","ALL","2004","247.26"
"SVN","","ALL","2005","239.31"
"SVN","","ALL","2006","218.26"
"SVN","","ALL","2007","202.82"
"SVN","","ALL","2008","206.8"
"SVN","","ALL","2009","219.74"
"SVN","","ALL","2010","197.2"
"SVN","","ALL","2011","201.3"
"SVN","","ALL","2012","185.36"
"SVN","","ALL","2013","197.69"
"SWE","","ALL","1961","96.25"
"SWE","","ALL","1962","106.73"
"SWE","","ALL","1963","103.59"
"SWE","","ALL","1964","113.64"
"SWE","","ALL","1965","108.37"
"SWE","","ALL","1966","113.83"
"SWE","","ALL","1967","117.2"
"SWE","","ALL","1968","114.54"
"SWE","","ALL","1969","108.83"
"SWE","","ALL","1970","124.78"
"SWE","","ALL","1971","123.65"
"SWE","","ALL","1972","120.85"
"SWE","","ALL","1973","120.45"
"SWE","","ALL","1974","124.8"
"SWE","","ALL","1975","127.55"
"SWE","","ALL","1976","134.92"
"SWE","","ALL","1977","133.38"
"SWE","","ALL","1978","124.82"
"SWE","","ALL","1979","133.81"
"SWE","","ALL","1980","128.36"
"SWE","","ALL","1981","132.51"
"SWE","","ALL","1982","129.04"
"SWE","","ALL","1983","126.85"
"SWE","","ALL","1984","130.59"
"SWE","","ALL","1985","130.31"
"SWE","","ALL","1986","133.69"
"SWE","","ALL","1987","136.81"
"SWE","","ALL","1988","152.18"
"SWE","","ALL","1989","158.47"
"SWE","","ALL","1990","162.75"
"SWE","","ALL","1991","149.92"
"SWE","","ALL","1992","154.81"
"SWE","","ALL","1993","153.16"
"SWE","","ALL","1994","161.21"
"SWE","","ALL","1995","146.87"
"SWE","","ALL","1996","152.59"
"SWE","","ALL","1997","162.69"
"SWE","","ALL","1998","164.85"
"SWE","","ALL","1999","173.36"
"SWE","","ALL","2000","172.11"
"SWE","","ALL","2001","176.9"
"SWE","","ALL","2002","185.83"
"SWE","","ALL","2003","193.68"
"SWE","","ALL","2004","198.06"
"SWE","","ALL","2005","193.83"
"SWE","","ALL","2006","200.42"
"SWE","","ALL","2007","203.45"
"SWE","","ALL","2008","222.93"
"SWE","","ALL","2009","209.4"
"SWE","","ALL","2010","207.48"
"SWE","","ALL","2011","210.88"
"SWE","","ALL","2012","215.92"
"SWE","","ALL","2013","219.35"
"TJK","","ALL","1992","126.61"
"TJK","","ALL","1993","146.56"
"TJK","","ALL","1994","119.51"
"TJK","","ALL","1995","124.89"
"TJK","","ALL","1996","102.8"
"TJK","","ALL","1997","86.99"
"TJK","","ALL","1998","73.36"
"TJK","","ALL","1999","89.24"
"TJK","","ALL","2000","81.31"
"TJK","","ALL","2001","88.66"
"TJK","","ALL","2002","92.43"
"TJK","","ALL","2003","96.58"
"TJK","","ALL","2004","115.35"
"TJK","","ALL","2005","119.2"
"TJK","","ALL","2006","132.6"
"TJK","","ALL","2007","120.74"
"TJK","","ALL","2008","141.82"
"TJK","","ALL","2009","162.06"
"TJK","","ALL","2010","163"
"TJK","","ALL","2011","184.25"
"TJK","","ALL","2012","195.84"
"TJK","","ALL","2013","204.2"
"TKM","","ALL","1992","124.03"
"TKM","","ALL","1993","127.92"
"TKM","","ALL","1994","119.12"
"TKM","","ALL","1995","121.35"
"TKM","","ALL","1996","114.34"
"TKM","","ALL","1997","117.43"
"TKM","","ALL","1998","119.09"
"TKM","","ALL","1999","120.54"
"TKM","","ALL","2000","144.08"
"TKM","","ALL","2001","129.63"
"TKM","","ALL","2002","170.2"
"TKM","","ALL","2003","187.99"
"TKM","","ALL","2004","193.79"
"TKM","","ALL","2005","207.85"
"TKM","","ALL","2006","210.66"
"TKM","","ALL","2007","224.89"
"TKM","","ALL","2008","203.83"
"TKM","","ALL","2009","209.36"
"TKM","","ALL","2010","212.36"
"TKM","","ALL","2011","208.55"
"TKM","","ALL","2012","208.02"
"TKM","","ALL","2013","205.84"
"TUR","","ALL","1961","279.31"
"TUR","","ALL","1962","280.89"
"TUR","","ALL","1963","263.35"
"TUR","","ALL","1964","270.39"
"TUR","","ALL","1965","280.05"
"TUR","","ALL","1966","268.37"
"TUR","","ALL","1967","290.29"
"TUR","","ALL","1968","298.5"
"TUR","","ALL","1969","293.86"
"TUR","","ALL","1970","313.01"
"TUR","","ALL","1971","302.71"
"TUR","","ALL","1972","294.3"
"TUR","","ALL","1973","273.16"
"TUR","","ALL","1974","288.94"
"TUR","","ALL","1975","291.1"
"TUR","","ALL","1976","298.12"
"TUR","","ALL","1977","293.86"
"TUR","","ALL","1978","314.37"
"TUR","","ALL","1979","333.93"
"TUR","","ALL","1980","326.61"
"TUR","","ALL","1981","318.28"
"TUR","","ALL","1982","315.81"
"TUR","","ALL","1983","313.52"
"TUR","","ALL","1984","318.02"
"TUR","","ALL","1985","330.67"
"TUR","","ALL","1986","323.14"
"TUR","","ALL","1987","319.07"
"TUR","","ALL","1988","322.26"
"TUR","","ALL","1989","317.42"
"TUR","","ALL","1990","331.43"
"TUR","","ALL","1991","336.33"
"TUR","","ALL","1992","341.32"
"TUR","","ALL","1993","333.55"
"TUR","","ALL","1994","330.31"
"TUR","","ALL","1995","355"
"TUR","","ALL","1996","348.71"
"TUR","","ALL","1997","333"
"TUR","","ALL","1998","360.37"
"TUR","","ALL","1999","369.67"
"TUR","","ALL","2000","368.37"
"TUR","","ALL","2001","348.64"
"TUR","","ALL","2002","362.05"
"TUR","","ALL","2003","366.69"
"TUR","","ALL","2004","344.94"
"TUR","","ALL","2005","369.53"
"TUR","","ALL","2006","353.28"
"TUR","","ALL","2007","351.41"
"TUR","","ALL","2008","367.8"
"TUR","","ALL","2009","362.59"
"TUR","","ALL","2010","347.79"
"TUR","","ALL","2011","363.19"
"TUR","","ALL","2012","366.13"
"TUR","","ALL","2013","368.42"
"UKR","","ALL","1992","127.28"
"UKR","","ALL","1993","130.22"
"UKR","","ALL","1994","111.79"
"UKR","","ALL","1995","130.52"
"UKR","","ALL","1996","127.67"
"UKR","","ALL","1997","132.16"
"UKR","","ALL","1998","124.09"
"UKR","","ALL","1999","119.69"
"UKR","","ALL","2000","133.06"
"UKR","","ALL","2001","134.61"
"UKR","","ALL","2002","138.95"
"UKR","","ALL","2003","151.38"
"UKR","","ALL","2004","154.3"
"UKR","","ALL","2005","163.03"
"UKR","","ALL","2006","168"
"UKR","","ALL","2007","161.94"
"UKR","","ALL","2008","179.04"
"UKR","","ALL","2009","184.45"
"UKR","","ALL","2010","185.44"
"UKR","","ALL","2011","221.24"
"UKR","","ALL","2012","222.64"
"UKR","","ALL","2013","225.29"
"UZB","","ALL","1992","184.86"
"UZB","","ALL","1993","158.59"
"UZB","","ALL","1994","158.13"
"UZB","","ALL","1995","155.39"
"UZB","","ALL","1996","142.63"
"UZB","","ALL","1997","130.69"
"UZB","","ALL","1998","130.07"
"UZB","","ALL","1999","143.47"
"UZB","","ALL","2000","146.49"
"UZB","","ALL","2001","154.98"
"UZB","","ALL","2002","159.01"
"UZB","","ALL","2003","164.25"
"UZB","","ALL","2004","164.12"
"UZB","","ALL","2005","171.26"
"UZB","","ALL","2006","213.84"
"UZB","","ALL","2007","229.94"
"UZB","","ALL","2008","255.01"
"UZB","","ALL","2009","273.3"
"UZB","","ALL","2010","294.66"
"UZB","","ALL","2011","311.58"
"UZB","","ALL","2012","349.87"
"UZB","","ALL","2013","370.48"
"","WHO_EURO","ALL","1992","193.54"
"","WHO_EURO","ALL","1993","185.44"
"","WHO_EURO","ALL","1994","181.78"
"","WHO_EURO","ALL","1995","184.7"
"","WHO_EURO","ALL","1996","189.04"
"","WHO_EURO","ALL","1997","186.41"
"","WHO_EURO","ALL","1998","189.78"
"","WHO_EURO","ALL","1999","197.79"
"","WHO_EURO","ALL","2000","204.11"
"","WHO_EURO","ALL","2001","200.39"
"","WHO_EURO","ALL","2002","204.55"
"","WHO_EURO","ALL","2003","211"
"","WHO_EURO","ALL","2004","218.44"
"","WHO_EURO","ALL","2005","220.54"
"","WHO_EURO","ALL","2006","221.72"
"","WHO_EURO","ALL","2007","220.05"
"","WHO_EURO","ALL","2008","223.53"
"","WHO_EURO","ALL","2009","227.12"
"","WHO_EURO","ALL","2010","219.75"
"","WHO_EURO","ALL","2011","227.98"
"","WHO_EURO","ALL","2012","226.73"
"","WHO_EURO","ALL","2013","231.25"

"Last update","2019.10.17 09:14:55 GMT"
"Description","Average amount of fruits and vegetables available per person per year (kg)"
"Reference link","https://dw.euro.who.int/api/v3/measures/HFA_446?lang=En"

"Copyright"
"© WHO Regional Office for Europe 2021. All rights reserved.","http://www.euro.who.int/en/home/copyright-notice"
