"INDICATOR","HFA_566"

"HFA_566","Total health expenditure as % of GDP"

"UNIT_TYPE","Unit"
"PERCENT","%"

"EXTERNID","ID in the originating data source"

"DATA_SOURCE","Data source"
"HFA","European Health for All database"

"DATA_TYPE_REPRESENTATION","Data type representation"
"RATIO","Ratio"

"DATA_SET","Data set"
"HFA","European Health for All database (WHO)"

"DATA_MASK","Mask for controlling the output format of values"

"SEX","Sex"
"FEMALE","Female"
"MALE","Male"
"ALL","All"

"COUNTRY","COUNTRY_GRP","SEX","YEAR","VALUE"
"ALB","","ALL","1987","2.95"
"ALB","","ALL","1988","3.11"
"ALB","","ALL","1989","2.92"
"ALB","","ALL","1990","3.32"
"ALB","","ALL","1991","4.82"
"ALB","","ALL","1992","3.36"
"ALB","","ALL","1993","3.02"
"ALB","","ALL","1994","2.84"
"ALB","","ALL","1995","2.38"
"ALB","","ALL","1996","2.16"
"ALB","","ALL","1997","2.11"
"ALB","","ALL","1998","1.88"
"ALB","","ALL","1999","2.31"
"ALB","","ALL","2000","2"
"ALB","","ALL","2001","2.1"
"ALB","","ALL","2002","2.2"
"ALB","","ALL","2003","2.3"
"ALB","","ALL","2004","2.9"
"ALB","","ALL","2005","3.1"
"ALB","","ALL","2006","2"
"ALB","","ALL","2009","5.41"
"ALB","","ALL","2010","5.2"
"ALB","","ALL","2011","5.06"
"ALB","","ALL","2012","5.9"
"ALB","","ALL","2013","6.2"
"ALB","","ALL","2014","6"
"AND","","ALL","2013","5.16"
"AND","","ALL","2014","5.18"
"AND","","ALL","2015","5.4"
"AND","","ALL","2016","5.4"
"AND","","ALL","2017","5.69"
"AND","","ALL","2018","5.82"
"ARM","","ALL","1991","4.2"
"ARM","","ALL","1993","4.2"
"AUT","","ALL","1970","5.2"
"AUT","","ALL","1971","5.2"
"AUT","","ALL","1972","5.1"
"AUT","","ALL","1973","5.3"
"AUT","","ALL","1974","5.4"
"AUT","","ALL","1975","7"
"AUT","","ALL","1976","7.2"
"AUT","","ALL","1977","7.1"
"AUT","","ALL","1978","7.4"
"AUT","","ALL","1979","7.4"
"AUT","","ALL","1980","7.5"
"AUT","","ALL","1981","6.6"
"AUT","","ALL","1982","6.5"
"AUT","","ALL","1983","6.3"
"AUT","","ALL","1984","6.4"
"AUT","","ALL","1985","6.4"
"AUT","","ALL","1986","6.7"
"AUT","","ALL","1987","6.8"
"AUT","","ALL","1988","6.8"
"AUT","","ALL","1989","7"
"AUT","","ALL","1990","8.4"
"AUT","","ALL","1991","8.5"
"AUT","","ALL","1992","8.7"
"AUT","","ALL","1993","9.4"
"AUT","","ALL","1994","9.7"
"AUT","","ALL","1995","9.6"
"AUT","","ALL","1996","9.5"
"AUT","","ALL","1997","9.8"
"AUT","","ALL","1998","10"
"AUT","","ALL","1999","10.2"
"AUT","","ALL","2000","10"
"AUT","","ALL","2001","10.1"
"AUT","","ALL","2002","10.1"
"AUT","","ALL","2003","10.3"
"AUT","","ALL","2004","10.4"
"AUT","","ALL","2005","10.4"
"AUT","","ALL","2006","10.2"
"AUT","","ALL","2007","10.3"
"AUT","","ALL","2008","10.5"
"AUT","","ALL","2009","11.2"
"AUT","","ALL","2010","11"
"AUT","","ALL","2011","10.8"
"AZE","","ALL","2002","3.66"
"AZE","","ALL","2003","3.3"
"AZE","","ALL","2004","3.1"
"AZE","","ALL","2005","2.8"
"AZE","","ALL","2006","2.4"
"AZE","","ALL","2007","2.3"
"AZE","","ALL","2008","2.3"
"AZE","","ALL","2009","2.7"
"AZE","","ALL","2010","2.6"
"BEL","","ALL","1970","3.9"
"BEL","","ALL","1971","4"
"BEL","","ALL","1972","4.1"
"BEL","","ALL","1973","4.4"
"BEL","","ALL","1974","4.5"
"BEL","","ALL","1975","5.6"
"BEL","","ALL","1976","5.8"
"BEL","","ALL","1977","6.3"
"BEL","","ALL","1978","6.5"
"BEL","","ALL","1979","6.5"
"BEL","","ALL","1980","6.3"
"BEL","","ALL","1981","6.7"
"BEL","","ALL","1982","6.9"
"BEL","","ALL","1983","7.1"
"BEL","","ALL","1984","6.9"
"BEL","","ALL","1985","7"
"BEL","","ALL","1986","7.1"
"BEL","","ALL","1987","7.2"
"BEL","","ALL","1988","7.2"
"BEL","","ALL","1989","7.2"
"BEL","","ALL","1990","7.2"
"BEL","","ALL","1991","7.6"
"BEL","","ALL","1992","7.7"
"BEL","","ALL","1993","7.9"
"BEL","","ALL","1994","7.7"
"BEL","","ALL","1995","7.6"
"BEL","","ALL","1996","7.9"
"BEL","","ALL","1997","7.8"
"BEL","","ALL","1998","7.9"
"BEL","","ALL","1999","8.1"
"BEL","","ALL","2000","8"
"BEL","","ALL","2001","8.1"
"BEL","","ALL","2002","8.3"
"BEL","","ALL","2003","9.20770659"
"BEL","","ALL","2004","9.3666883"
"BEL","","ALL","2005","9.26218833"
"BEL","","ALL","2006","9.16210864"
"BEL","","ALL","2007","9.17"
"BEL","","ALL","2008","9.63237639"
"BEL","","ALL","2009","10.35561579"
"BEL","","ALL","2010","10.22613037"
"BEL","","ALL","2011","10.39215848"
"BEL","","ALL","2012","10.50683702"
"BEL","","ALL","2013","10.56154192"
"BEL","","ALL","2014","10.59"
"BEL","","ALL","2015","10.42702018"
"BEL","","ALL","2016","10.77"
"BEL","","ALL","2017","10.78"
"BEL","","ALL","2018","10.77"
"BEL","","ALL","2019","10.66"
"BGR","","ALL","1988","4.23"
"BGR","","ALL","1989","4.5"
"BGR","","ALL","1990","5.19"
"BGR","","ALL","1991","5.44"
"BGR","","ALL","1992","6.81"
"BGR","","ALL","1993","5.15"
"BGR","","ALL","1994","4.73"
"BIH","","ALL","1980","2.2"
"BIH","","ALL","1981","1.6"
"BIH","","ALL","1982","1.9"
"BIH","","ALL","1983","1.7"
"BIH","","ALL","1984","1.6"
"BIH","","ALL","1985","1.7"
"BIH","","ALL","1986","2"
"BIH","","ALL","1987","2.2"
"BIH","","ALL","1988","2.2"
"BIH","","ALL","1989","3.2"
"BIH","","ALL","1990","5.1"
"BIH","","ALL","1991","3.5"
"BIH","","ALL","1995","10.6"
"BIH","","ALL","1996","11.3"
"BIH","","ALL","1997","7.9"
"BIH","","ALL","1998","7.8"
"BIH","","ALL","1999","8.7"
"BIH","","ALL","2000","7"
"BIH","","ALL","2001","7.2"
"BIH","","ALL","2002","7"
"BIH","","ALL","2003","7.9"
"BIH","","ALL","2004","9.1"
"BIH","","ALL","2005","9.1"
"BIH","","ALL","2006","9.3"
"BIH","","ALL","2007","9.8"
"BIH","","ALL","2008","10.3"
"BIH","","ALL","2009","10"
"BIH","","ALL","2010","9.9"
"BIH","","ALL","2011","10"
"BIH","","ALL","2012","9.9"
"BIH","","ALL","2013","9.9"
"BIH","","ALL","2014","9.5"
"BIH","","ALL","2016","9.2"
"BIH","","ALL","2017","8.93"
"BLR","","ALL","1990","2.9"
"BLR","","ALL","1991","3.4"
"BLR","","ALL","1992","3.5"
"BLR","","ALL","1993","5"
"BLR","","ALL","1994","5.7"
"BLR","","ALL","1995","5.4"
"BLR","","ALL","1996","5.6"
"BLR","","ALL","1997","6.1"
"BLR","","ALL","1998","5.7"
"BLR","","ALL","1999","5.8"
"BLR","","ALL","2000","5.9"
"BLR","","ALL","2001","5.9"
"BLR","","ALL","2002","6.2"
"BLR","","ALL","2003","6.4"
"BLR","","ALL","2004","6"
"BLR","","ALL","2005","6"
"BLR","","ALL","2006","5.9"
"BLR","","ALL","2007","6.2"
"BLR","","ALL","2008","5.6"
"BLR","","ALL","2009","5.8"
"BLR","","ALL","2010","5.7"
"BLR","","ALL","2011","5.5"
"BLR","","ALL","2012","5.3"
"BLR","","ALL","2013","5.7"
"BLR","","ALL","2014","5.1"
"BLR","","ALL","2015","5.8"
"BLR","","ALL","2016","5.9"
"BLR","","ALL","2017","6"
"BLR","","ALL","2018","5.6"
"BLR","","ALL","2019","5.7"
"","CARINFONET","ALL","1994","3.19"
"","CARINFONET","ALL","1995","2.97"
"","CARINFONET","ALL","1996","2.64"
"","CARINFONET","ALL","1997","2.5"
"","CARINFONET","ALL","1998","2.42"
"","CARINFONET","ALL","1999","2.37"
"","CARINFONET","ALL","2000","2.35"
"","CARINFONET","ALL","2001","2.16"
"","CARINFONET","ALL","2002","2.04"
"","CARINFONET","ALL","2003","2.05"
"","CARINFONET","ALL","2004","2.14"
"","CARINFONET","ALL","2005","2.15"
"","CARINFONET","ALL","2006","2.17"
"","CARINFONET","ALL","2007","2.67"
"","CARINFONET","ALL","2008","2.69"
"","CARINFONET","ALL","2010","2.89"
"","CARINFONET","ALL","2011","2.78"
"","CARINFONET","ALL","2012","2.88"
"","CARINFONET","ALL","2013","2.89"
"","CARINFONET","ALL","2014","2.87"
"","CARINFONET","ALL","2015","2.89"
"","CARINFONET","ALL","2016","2.99"
"","CARINFONET","ALL","2017","3.05"
"","CARINFONET","ALL","2018","3.15"
"CHE","","ALL","1970","5.3"
"CHE","","ALL","1971","5.6"
"CHE","","ALL","1972","5.5"
"CHE","","ALL","1973","5.6"
"CHE","","ALL","1974","6"
"CHE","","ALL","1975","6.8"
"CHE","","ALL","1976","7.1"
"CHE","","ALL","1977","7.1"
"CHE","","ALL","1978","7.1"
"CHE","","ALL","1979","7.2"
"CHE","","ALL","1980","7.2"
"CHE","","ALL","1981","7.3"
"CHE","","ALL","1982","7.4"
"CHE","","ALL","1983","7.8"
"CHE","","ALL","1984","7.6"
"CHE","","ALL","1985","7.6"
"CHE","","ALL","1986","7.8"
"CHE","","ALL","1987","8"
"CHE","","ALL","1988","8"
"CHE","","ALL","1989","8.1"
"CHE","","ALL","1990","8"
"CHE","","ALL","1991","8.7"
"CHE","","ALL","1992","9.1"
"CHE","","ALL","1993","9.1"
"CHE","","ALL","1994","9.2"
"CHE","","ALL","1995","9.3"
"CHE","","ALL","1996","9.7"
"CHE","","ALL","1997","9.7"
"CHE","","ALL","1998","9.8"
"CHE","","ALL","1999","10"
"CHE","","ALL","2000","9.9"
"CHE","","ALL","2001","10.3"
"CHE","","ALL","2002","10.6"
"CHE","","ALL","2003","10.9"
"CHE","","ALL","2004","11"
"CHE","","ALL","2005","10.9"
"CHE","","ALL","2006","10.4"
"CHE","","ALL","2007","10.2"
"CHE","","ALL","2008","10.3"
"CHE","","ALL","2009","11"
"CHE","","ALL","2010","10.9"
"CHE","","ALL","2011","11"
"CHE","","ALL","2012","11.3"
"","CIS","ALL","1991","3.3"
"","CIS","ALL","1993","3.25"
"","CIS","ALL","1995","2.85"
"","CIS","ALL","1996","2.92"
"","CIS","ALL","1997","2.92"
"","CIS","ALL","1998","2.94"
"","CIS","ALL","1999","2.92"
"","CIS","ALL","2000","3.17"
"","CIS","ALL","2001","3.16"
"","CIS","ALL","2002","3.33"
"","CIS","ALL","2003","3.48"
"","CIS","ALL","2004","3.74"
"","CIS","ALL","2005","4.43"
"","CIS","ALL","2006","4.59"
"","CIS","ALL","2007","4.86"
"","CIS","ALL","2008","5.07"
"","CIS","ALL","2009","5.8"
"","CIS","ALL","2010","5.42"
"","CIS","ALL","2011","5.2"
"","CIS","ALL","2012","5.37"
"","CIS","ALL","2013","5.36"
"","CIS","ALL","2014","4.89"
"","CIS","ALL","2015","4.49"
"","CIS","ALL","2016","4.61"
"","CIS","ALL","2017","4.31"
"","CIS","ALL","2018","4.34"
"CYP","","ALL","1970","2.7"
"CYP","","ALL","1975","3.5"
"CYP","","ALL","1980","2.8"
"CYP","","ALL","1981","3.2"
"CYP","","ALL","1982","3.5"
"CYP","","ALL","1983","3.8"
"CYP","","ALL","1984","3.7"
"CYP","","ALL","1985","3.9"
"CYP","","ALL","1986","3.9"
"CYP","","ALL","1987","4.1"
"CYP","","ALL","1988","4.1"
"CYP","","ALL","1989","4.1"
"CYP","","ALL","1990","4.5"
"CYP","","ALL","1991","4.7"
"CYP","","ALL","1992","4.6"
"CYP","","ALL","1993","4.9"
"CYP","","ALL","1994","4.9"
"CYP","","ALL","1995","4.9"
"CYP","","ALL","1996","5.5"
"CYP","","ALL","1997","5.8"
"CYP","","ALL","1998","6"
"CYP","","ALL","1999","6"
"CYP","","ALL","2000","5.8"
"CYP","","ALL","2001","6"
"CYP","","ALL","2002","6.7"
"CYP","","ALL","2003","6.9"
"CYP","","ALL","2004","6.5"
"CYP","","ALL","2005","6"
"CYP","","ALL","2006","6.1"
"CYP","","ALL","2007","5.8"
"CYP","","ALL","2008","5.9"
"CYP","","ALL","2009","6.4"
"CYP","","ALL","2010","6.7"
"CYP","","ALL","2011","6.7"
"CYP","","ALL","2012","6.7"
"CYP","","ALL","2013","7.1"
"CYP","","ALL","2014","7.1"
"CYP","","ALL","2015","6.9"
"CYP","","ALL","2016","6.8"
"CYP","","ALL","2017","6.8"
"CYP","","ALL","2018","7"
"CZE","","ALL","1990","4.4"
"CZE","","ALL","1991","4.7"
"CZE","","ALL","1992","4.8"
"CZE","","ALL","1993","6.4"
"CZE","","ALL","1994","6.5"
"CZE","","ALL","1995","6.7"
"CZE","","ALL","1996","6.4"
"CZE","","ALL","1997","6.4"
"CZE","","ALL","1998","6.4"
"CZE","","ALL","1999","6.3"
"CZE","","ALL","2000","6.3"
"CZE","","ALL","2001","6.4"
"CZE","","ALL","2002","6.8"
"CZE","","ALL","2003","7.1"
"CZE","","ALL","2004","6.9"
"CZE","","ALL","2005","6.9"
"CZE","","ALL","2006","6.7"
"CZE","","ALL","2007","6.5"
"CZE","","ALL","2008","6.8"
"CZE","","ALL","2009","8"
"CZE","","ALL","2010","7.4"
"CZE","","ALL","2011","7.5"
"DEU","","ALL","1970","6"
"DEU","","ALL","1971","6.5"
"DEU","","ALL","1972","6.8"
"DEU","","ALL","1973","7.2"
"DEU","","ALL","1974","7.7"
"DEU","","ALL","1975","8.4"
"DEU","","ALL","1976","8.4"
"DEU","","ALL","1977","8.3"
"DEU","","ALL","1978","8.4"
"DEU","","ALL","1979","8.2"
"DEU","","ALL","1980","8.4"
"DEU","","ALL","1981","8.7"
"DEU","","ALL","1982","8.6"
"DEU","","ALL","1983","8.6"
"DEU","","ALL","1984","8.6"
"DEU","","ALL","1985","8.8"
"DEU","","ALL","1986","8.7"
"DEU","","ALL","1987","8.8"
"DEU","","ALL","1988","8.9"
"DEU","","ALL","1989","8.3"
"DEU","","ALL","1990","8.3"
"DEU","","ALL","1992","9.6"
"DEU","","ALL","1993","9.6"
"DEU","","ALL","1994","9.8"
"DEU","","ALL","1995","10.1"
"DEU","","ALL","1996","10.4"
"DEU","","ALL","1997","10.3"
"DEU","","ALL","1998","10.3"
"DEU","","ALL","1999","10.4"
"DEU","","ALL","2000","10.4"
"DEU","","ALL","2001","10.5"
"DEU","","ALL","2002","10.7"
"DEU","","ALL","2003","10.9"
"DEU","","ALL","2004","10.7"
"DEU","","ALL","2005","10.8"
"DEU","","ALL","2006","10.6"
"DEU","","ALL","2007","10.5"
"DEU","","ALL","2008","10.7"
"DEU","","ALL","2009","11.8"
"DEU","","ALL","2010","11.5"
"DEU","","ALL","2011","11.3"
"DNK","","ALL","1971","7.9"
"DNK","","ALL","1972","8"
"DNK","","ALL","1973","7.8"
"DNK","","ALL","1974","8.5"
"DNK","","ALL","1975","8.7"
"DNK","","ALL","1976","8.6"
"DNK","","ALL","1977","8.4"
"DNK","","ALL","1978","8.5"
"DNK","","ALL","1979","8.6"
"DNK","","ALL","1980","8.9"
"DNK","","ALL","1981","9.2"
"DNK","","ALL","1982","9.2"
"DNK","","ALL","1983","8.9"
"DNK","","ALL","1984","8.5"
"DNK","","ALL","1985","8.5"
"DNK","","ALL","1986","8.2"
"DNK","","ALL","1987","8.5"
"DNK","","ALL","1988","8.6"
"DNK","","ALL","1989","8.5"
"DNK","","ALL","1990","8.3"
"DNK","","ALL","1991","8.2"
"DNK","","ALL","1992","8.3"
"DNK","","ALL","1993","8.6"
"DNK","","ALL","1994","8.4"
"DNK","","ALL","1995","8.1"
"DNK","","ALL","1996","8.2"
"DNK","","ALL","1997","8.2"
"DNK","","ALL","1998","8.2"
"DNK","","ALL","1999","9"
"DNK","","ALL","2000","8.7"
"DNK","","ALL","2001","9.1"
"DNK","","ALL","2002","9.3"
"DNK","","ALL","2003","9.5"
"DNK","","ALL","2004","9.7"
"DNK","","ALL","2005","9.8"
"DNK","","ALL","2006","9.9"
"DNK","","ALL","2007","10"
"DNK","","ALL","2008","10.2"
"DNK","","ALL","2009","11.5"
"DNK","","ALL","2010","11.1"
"DNK","","ALL","2011","10.9"
"DNK","","ALL","2012","11"
"DNK","","ALL","2013","10.2"
"DNK","","ALL","2014","10.2"
"DNK","","ALL","2015","10.3"
"DNK","","ALL","2016","10.4"
"DNK","","ALL","2017","10.2"
"DNK","","ALL","2018","10.1"
"DNK","","ALL","2019","10"
"ESP","","ALL","1970","3.5"
"ESP","","ALL","1971","4"
"ESP","","ALL","1972","4.2"
"ESP","","ALL","1973","4"
"ESP","","ALL","1974","4.4"
"ESP","","ALL","1975","4.6"
"ESP","","ALL","1976","5"
"ESP","","ALL","1977","5.3"
"ESP","","ALL","1978","5.3"
"ESP","","ALL","1979","5.2"
"ESP","","ALL","1980","5.3"
"ESP","","ALL","1981","5.5"
"ESP","","ALL","1982","5.6"
"ESP","","ALL","1983","5.7"
"ESP","","ALL","1984","5.5"
"ESP","","ALL","1985","5.4"
"ESP","","ALL","1986","5.3"
"ESP","","ALL","1987","5.4"
"ESP","","ALL","1988","6"
"ESP","","ALL","1989","6.2"
"ESP","","ALL","1990","6.5"
"ESP","","ALL","1991","6.7"
"ESP","","ALL","1992","7.1"
"ESP","","ALL","1993","7.4"
"ESP","","ALL","1994","7.3"
"ESP","","ALL","1995","7.4"
"ESP","","ALL","1996","7.5"
"ESP","","ALL","1997","7.3"
"ESP","","ALL","1998","7.3"
"ESP","","ALL","1999","7.3"
"ESP","","ALL","2000","7.2"
"ESP","","ALL","2001","7.2"
"ESP","","ALL","2002","7.3"
"ESP","","ALL","2003","8.2"
"ESP","","ALL","2004","8.2"
"ESP","","ALL","2005","8.3"
"ESP","","ALL","2006","8.4"
"ESP","","ALL","2007","8.5"
"ESP","","ALL","2008","8.9"
"ESP","","ALL","2009","9.6"
"ESP","","ALL","2010","9.6"
"ESP","","ALL","2011","9.3"
"EST","","ALL","1999","5.9"
"EST","","ALL","2000","5.3"
"EST","","ALL","2001","4.9"
"EST","","ALL","2002","4.8"
"EST","","ALL","2003","4.86"
"EST","","ALL","2004","5.12"
"EST","","ALL","2005","5.06"
"EST","","ALL","2006","4.77"
"EST","","ALL","2007","4.98"
"EST","","ALL","2008","5.71"
"EST","","ALL","2009","6.51"
"EST","","ALL","2010","6.27"
"EST","","ALL","2011","5.77"
"EST","","ALL","2012","5.79"
"EST","","ALL","2013","5.98"
"EST","","ALL","2014","6.08"
"EST","","ALL","2015","6.35"
"EST","","ALL","2016","6.43"
"EST","","ALL","2017","6.59"
"EST","","ALL","2018","6.69"
"EST","","ALL","2019","6.73"
"","EU_AFTER_MAY2004","ALL","1990","4.87"
"","EU_AFTER_MAY2004","ALL","1991","5.43"
"","EU_AFTER_MAY2004","ALL","1992","5.42"
"","EU_AFTER_MAY2004","ALL","1993","5.35"
"","EU_AFTER_MAY2004","ALL","1994","5.45"
"","EU_AFTER_MAY2004","ALL","1995","5.35"
"","EU_AFTER_MAY2004","ALL","1996","5.56"
"","EU_AFTER_MAY2004","ALL","1997","5.39"
"","EU_AFTER_MAY2004","ALL","1998","5.72"
"","EU_AFTER_MAY2004","ALL","1999","5.64"
"","EU_AFTER_MAY2004","ALL","2000","5.52"
"","EU_AFTER_MAY2004","ALL","2001","5.73"
"","EU_AFTER_MAY2004","ALL","2002","5.88"
"","EU_AFTER_MAY2004","ALL","2003","6"
"","EU_AFTER_MAY2004","ALL","2004","5.97"
"","EU_AFTER_MAY2004","ALL","2005","6.04"
"","EU_AFTER_MAY2004","ALL","2006","6.03"
"","EU_AFTER_MAY2004","ALL","2007","5.99"
"","EU_AFTER_MAY2004","ALL","2008","6.44"
"","EU_AFTER_MAY2004","ALL","2009","6.75"
"","EU_AFTER_MAY2004","ALL","2010","6.53"
"","EU_AFTER_MAY2004","ALL","2011","6.29"
"","EU_AFTER_MAY2004","ALL","2012","6.34"
"","EU_AFTER_MAY2004","ALL","2013","6.41"
"","EU_AFTER_MAY2004","ALL","2014","6.39"
"","EU_AFTER_MAY2004","ALL","2015","6.43"
"","EU_AFTER_MAY2004","ALL","2016","6.42"
"","EU_AFTER_MAY2004","ALL","2017","6.34"
"","EU_BEFORE_MAY2004","ALL","1970","5.51"
"","EU_BEFORE_MAY2004","ALL","1971","5.72"
"","EU_BEFORE_MAY2004","ALL","1972","5.88"
"","EU_BEFORE_MAY2004","ALL","1973","5.99"
"","EU_BEFORE_MAY2004","ALL","1974","6.3"
"","EU_BEFORE_MAY2004","ALL","1975","6.67"
"","EU_BEFORE_MAY2004","ALL","1976","6.74"
"","EU_BEFORE_MAY2004","ALL","1977","6.77"
"","EU_BEFORE_MAY2004","ALL","1978","6.84"
"","EU_BEFORE_MAY2004","ALL","1979","6.78"
"","EU_BEFORE_MAY2004","ALL","1980","6.96"
"","EU_BEFORE_MAY2004","ALL","1981","7.14"
"","EU_BEFORE_MAY2004","ALL","1982","7.14"
"","EU_BEFORE_MAY2004","ALL","1983","7.2"
"","EU_BEFORE_MAY2004","ALL","1984","7.19"
"","EU_BEFORE_MAY2004","ALL","1985","7.24"
"","EU_BEFORE_MAY2004","ALL","1986","7.25"
"","EU_BEFORE_MAY2004","ALL","1987","7.32"
"","EU_BEFORE_MAY2004","ALL","1988","7.38"
"","EU_BEFORE_MAY2004","ALL","1989","7.3"
"","EU_BEFORE_MAY2004","ALL","1990","7.45"
"","EU_BEFORE_MAY2004","ALL","1991","7.79"
"","EU_BEFORE_MAY2004","ALL","1992","8.11"
"","EU_BEFORE_MAY2004","ALL","1993","8.25"
"","EU_BEFORE_MAY2004","ALL","1994","8.26"
"","EU_BEFORE_MAY2004","ALL","1995","8.47"
"","EU_BEFORE_MAY2004","ALL","1996","8.58"
"","EU_BEFORE_MAY2004","ALL","1997","8.5"
"","EU_BEFORE_MAY2004","ALL","1998","8.49"
"","EU_BEFORE_MAY2004","ALL","1999","8.63"
"","EU_BEFORE_MAY2004","ALL","2000","8.66"
"","EU_BEFORE_MAY2004","ALL","2001","8.85"
"","EU_BEFORE_MAY2004","ALL","2002","9.09"
"","EU_BEFORE_MAY2004","ALL","2003","9.36"
"","EU_BEFORE_MAY2004","ALL","2004","9.43"
"","EU_BEFORE_MAY2004","ALL","2005","9.58"
"","EU_BEFORE_MAY2004","ALL","2006","9.55"
"","EU_BEFORE_MAY2004","ALL","2007","9.49"
"","EU_BEFORE_MAY2004","ALL","2008","9.8"
"","EU_BEFORE_MAY2004","ALL","2009","10.56"
"","EU_BEFORE_MAY2004","ALL","2010","10.43"
"","EU_BEFORE_MAY2004","ALL","2011","10.24"
"","EU_MEMBERS","ALL","1975","6.14"
"","EU_MEMBERS","ALL","1980","6.35"
"","EU_MEMBERS","ALL","1985","6.57"
"","EU_MEMBERS","ALL","1987","6.62"
"","EU_MEMBERS","ALL","1988","6.67"
"","EU_MEMBERS","ALL","1989","6.67"
"","EU_MEMBERS","ALL","1990","6.84"
"","EU_MEMBERS","ALL","1991","7.24"
"","EU_MEMBERS","ALL","1992","7.48"
"","EU_MEMBERS","ALL","1993","7.58"
"","EU_MEMBERS","ALL","1994","7.61"
"","EU_MEMBERS","ALL","1995","7.75"
"","EU_MEMBERS","ALL","1996","7.89"
"","EU_MEMBERS","ALL","1997","7.79"
"","EU_MEMBERS","ALL","1998","7.86"
"","EU_MEMBERS","ALL","1999","7.95"
"","EU_MEMBERS","ALL","2000","7.95"
"","EU_MEMBERS","ALL","2001","8.15"
"","EU_MEMBERS","ALL","2002","8.38"
"","EU_MEMBERS","ALL","2003","8.61"
"","EU_MEMBERS","ALL","2004","8.67"
"","EU_MEMBERS","ALL","2005","8.81"
"","EU_MEMBERS","ALL","2006","8.79"
"","EU_MEMBERS","ALL","2007","8.74"
"","EU_MEMBERS","ALL","2008","9.08"
"","EU_MEMBERS","ALL","2009","9.74"
"","EU_MEMBERS","ALL","2010","9.6"
"","EU_MEMBERS","ALL","2011","9.4"
"","EU_MEMBERS","ALL","2012","9.41"
"","EU_MEMBERS","ALL","2013","9.42"
"","EU_MEMBERS","ALL","2014","9.43"
"","EU_MEMBERS","ALL","2015","9.42"
"","EU_MEMBERS","ALL","2016","9.42"
"","EU_MEMBERS","ALL","2017","9.36"
"FIN","","ALL","1970","5.5"
"FIN","","ALL","1971","5.7"
"FIN","","ALL","1972","5.8"
"FIN","","ALL","1973","5.7"
"FIN","","ALL","1974","5.6"
"FIN","","ALL","1975","6.2"
"FIN","","ALL","1976","6.5"
"FIN","","ALL","1977","6.7"
"FIN","","ALL","1978","6.6"
"FIN","","ALL","1979","6.4"
"FIN","","ALL","1980","6.3"
"FIN","","ALL","1981","6.5"
"FIN","","ALL","1982","6.6"
"FIN","","ALL","1983","6.7"
"FIN","","ALL","1984","6.7"
"FIN","","ALL","1985","7.1"
"FIN","","ALL","1986","7.2"
"FIN","","ALL","1987","7.3"
"FIN","","ALL","1988","7.1"
"FIN","","ALL","1989","7.2"
"FIN","","ALL","1990","7.7"
"FIN","","ALL","1991","8.8"
"FIN","","ALL","1992","9"
"FIN","","ALL","1993","8.2"
"FIN","","ALL","1994","7.7"
"FIN","","ALL","1995","7.8"
"FIN","","ALL","1996","8"
"FIN","","ALL","1997","7.7"
"FIN","","ALL","1998","7.4"
"FIN","","ALL","1999","7.4"
"FIN","","ALL","2000","7.2"
"FIN","","ALL","2001","7.4"
"FIN","","ALL","2002","7.8"
"FIN","","ALL","2003","8.2"
"FIN","","ALL","2004","8.2"
"FIN","","ALL","2005","8.4"
"FIN","","ALL","2006","8.3"
"FIN","","ALL","2007","8"
"FIN","","ALL","2008","8.3"
"FIN","","ALL","2009","9.2"
"FIN","","ALL","2010","9.5"
"FIN","","ALL","2011","9"
"FIN","","ALL","2012","9.1"
"FRA","","ALL","1970","5.4"
"FRA","","ALL","1975","6.4"
"FRA","","ALL","1980","7"
"FRA","","ALL","1985","8"
"FRA","","ALL","1990","8.4"
"FRA","","ALL","1991","8.6"
"FRA","","ALL","1992","8.9"
"FRA","","ALL","1993","9.3"
"FRA","","ALL","1994","9.3"
"FRA","","ALL","1995","10.4"
"FRA","","ALL","1996","10.4"
"FRA","","ALL","1997","10.3"
"FRA","","ALL","1998","10.1"
"FRA","","ALL","1999","10.2"
"FRA","","ALL","2000","10.1"
"FRA","","ALL","2001","10.2"
"FRA","","ALL","2002","10.6"
"FRA","","ALL","2003","10.8"
"FRA","","ALL","2004","11"
"FRA","","ALL","2005","11"
"FRA","","ALL","2006","11"
"FRA","","ALL","2007","10.9"
"FRA","","ALL","2008","11"
"FRA","","ALL","2009","11.7"
"FRA","","ALL","2010","11.7"
"FRA","","ALL","2011","11.6"
"GBR","","ALL","1970","4.5"
"GBR","","ALL","1971","4.5"
"GBR","","ALL","1972","4.6"
"GBR","","ALL","1973","4.6"
"GBR","","ALL","1974","5.2"
"GBR","","ALL","1975","5.4"
"GBR","","ALL","1976","5.4"
"GBR","","ALL","1977","5.3"
"GBR","","ALL","1978","5.3"
"GBR","","ALL","1979","5.2"
"GBR","","ALL","1980","5.6"
"GBR","","ALL","1981","5.9"
"GBR","","ALL","1982","5.7"
"GBR","","ALL","1983","5.9"
"GBR","","ALL","1984","5.9"
"GBR","","ALL","1985","5.8"
"GBR","","ALL","1986","5.8"
"GBR","","ALL","1987","5.9"
"GBR","","ALL","1988","5.8"
"GBR","","ALL","1989","5.8"
"GBR","","ALL","1990","5.8"
"GBR","","ALL","1991","6.3"
"GBR","","ALL","1992","6.7"
"GBR","","ALL","1993","6.7"
"GBR","","ALL","1994","6.8"
"GBR","","ALL","1995","6.8"
"GBR","","ALL","1996","6.8"
"GBR","","ALL","1997","6.6"
"GBR","","ALL","1998","6.6"
"GBR","","ALL","1999","6.9"
"GBR","","ALL","2000","7"
"GBR","","ALL","2001","7.3"
"GBR","","ALL","2002","7.6"
"GBR","","ALL","2003","7.8"
"GBR","","ALL","2004","8"
"GBR","","ALL","2005","8.3"
"GBR","","ALL","2006","8.4"
"GBR","","ALL","2007","8.5"
"GBR","","ALL","2008","9"
"GBR","","ALL","2009","9.9"
"GBR","","ALL","2010","9.6"
"GBR","","ALL","2011","9.4"
"GBR","","ALL","2013","9.8"
"GBR","","ALL","2014","9.8"
"GBR","","ALL","2015","9.7"
"GBR","","ALL","2016","9.7"
"GBR","","ALL","2017","9.6"
"GBR","","ALL","2018","9.6"
"GBR","","ALL","2019","9.8"
"GEO","","ALL","1991","4.5"
"GEO","","ALL","1993","4.5"
"GEO","","ALL","1996","2.1"
"GEO","","ALL","1997","3.5"
"GEO","","ALL","1998","4.5"
"GEO","","ALL","1999","4.3"
"GEO","","ALL","2006","5"
"GEO","","ALL","2007","4.7"
"GEO","","ALL","2008","5.1"
"GEO","","ALL","2009","6.6"
"GEO","","ALL","2010","6.7"
"GEO","","ALL","2011","6.1"
"GEO","","ALL","2012","8.4"
"GEO","","ALL","2013","8.5"
"GEO","","ALL","2014","8.5"
"GEO","","ALL","2015","8.6"
"GEO","","ALL","2016","8.4"
"GEO","","ALL","2017","7.6"
"GRC","","ALL","1970","5.5"
"GRC","","ALL","1980","5.9"
"GRC","","ALL","1987","6.7"
"GRC","","ALL","1988","6"
"GRC","","ALL","1989","6.6"
"GRC","","ALL","1990","6.7"
"GRC","","ALL","1991","6.5"
"GRC","","ALL","1992","7.1"
"GRC","","ALL","1993","8"
"GRC","","ALL","1994","8.7"
"GRC","","ALL","1995","8.7"
"GRC","","ALL","1996","8.6"
"GRC","","ALL","1997","8.5"
"GRC","","ALL","1998","8.4"
"GRC","","ALL","1999","8.7"
"GRC","","ALL","2000","8"
"GRC","","ALL","2001","8.9"
"GRC","","ALL","2002","9.2"
"GRC","","ALL","2003","9"
"GRC","","ALL","2004","8.8"
"GRC","","ALL","2005","9.7"
"GRC","","ALL","2006","9.7"
"GRC","","ALL","2007","9.8"
"GRC","","ALL","2008","10.1"
"GRC","","ALL","2009","9.41"
"GRC","","ALL","2010","9.6"
"GRC","","ALL","2011","9.19"
"GRC","","ALL","2012","8.92"
"GRC","","ALL","2013","8.37"
"GRC","","ALL","2014","7.91"
"GRC","","ALL","2015","8.07"
"GRC","","ALL","2016","8.32"
"GRC","","ALL","2017","8.1"
"GRC","","ALL","2018","7.96"
"GRC","","ALL","2019","7.84"
"HRV","","ALL","1987","4.46"
"HRV","","ALL","1988","4.16"
"HRV","","ALL","1989","8.62"
"HRV","","ALL","1990","10.5"
"HRV","","ALL","1991","10.61"
"HRV","","ALL","1992","8.54"
"HRV","","ALL","1993","7.44"
"HRV","","ALL","1994","9.04"
"HRV","","ALL","2011","7.22"
"HRV","","ALL","2012","7.25"
"HRV","","ALL","2013","6.71"
"HRV","","ALL","2014","6.92"
"HRV","","ALL","2015","6.99"
"HRV","","ALL","2016","7"
"HRV","","ALL","2017","6.95"
"HRV","","ALL","2018","7.06"
"HRV","","ALL","2019","7.19"
"HUN","","ALL","1991","7.1"
"HUN","","ALL","1992","7.6"
"HUN","","ALL","1993","7.6"
"HUN","","ALL","1994","8.2"
"HUN","","ALL","1995","7.3"
"HUN","","ALL","1996","7.1"
"HUN","","ALL","1997","6.8"
"HUN","","ALL","1998","7.2"
"HUN","","ALL","1999","7.3"
"HUN","","ALL","2000","7.2"
"HUN","","ALL","2001","7.2"
"HUN","","ALL","2002","7.6"
"HUN","","ALL","2003","8.6"
"HUN","","ALL","2004","8.2"
"HUN","","ALL","2005","8.4"
"HUN","","ALL","2006","8.3"
"HUN","","ALL","2007","7.7"
"HUN","","ALL","2008","7.5"
"HUN","","ALL","2009","7.7"
"HUN","","ALL","2010","8"
"HUN","","ALL","2011","7.9"
"HUN","","ALL","2012","7.8"
"IRL","","ALL","1970","5"
"IRL","","ALL","1971","5.9"
"IRL","","ALL","1972","6"
"IRL","","ALL","1973","6.1"
"IRL","","ALL","1974","6.6"
"IRL","","ALL","1975","7.2"
"IRL","","ALL","1976","7.2"
"IRL","","ALL","1977","6.8"
"IRL","","ALL","1978","7.2"
"IRL","","ALL","1979","7.4"
"IRL","","ALL","1980","8.1"
"IRL","","ALL","1981","7.8"
"IRL","","ALL","1982","7.5"
"IRL","","ALL","1983","7.6"
"IRL","","ALL","1984","7.3"
"IRL","","ALL","1985","7.4"
"IRL","","ALL","1986","7.3"
"IRL","","ALL","1987","7"
"IRL","","ALL","1988","6.6"
"IRL","","ALL","1989","6.2"
"IRL","","ALL","1990","6"
"IRL","","ALL","1991","6.4"
"IRL","","ALL","1992","6.9"
"IRL","","ALL","1993","6.8"
"IRL","","ALL","1994","6.9"
"IRL","","ALL","1995","6.6"
"IRL","","ALL","1996","6.5"
"IRL","","ALL","1997","6.3"
"IRL","","ALL","1998","6.1"
"IRL","","ALL","1999","6.1"
"IRL","","ALL","2000","6.1"
"IRL","","ALL","2001","6.7"
"IRL","","ALL","2002","7"
"IRL","","ALL","2003","7.3"
"IRL","","ALL","2004","7.5"
"IRL","","ALL","2005","7.6"
"IRL","","ALL","2006","7.5"
"IRL","","ALL","2007","7.9"
"IRL","","ALL","2008","9.1"
"IRL","","ALL","2009","10"
"IRL","","ALL","2010","9.3"
"IRL","","ALL","2011","8.9"
"ISL","","ALL","1970","4.7"
"ISL","","ALL","1971","5.2"
"ISL","","ALL","1972","5.1"
"ISL","","ALL","1973","4.6"
"ISL","","ALL","1974","5.3"
"ISL","","ALL","1975","5.7"
"ISL","","ALL","1976","5.4"
"ISL","","ALL","1977","5.3"
"ISL","","ALL","1978","5.7"
"ISL","","ALL","1979","6.5"
"ISL","","ALL","1980","6.3"
"ISL","","ALL","1981","6.5"
"ISL","","ALL","1982","6.8"
"ISL","","ALL","1983","7.4"
"ISL","","ALL","1984","6.9"
"ISL","","ALL","1985","7.2"
"ISL","","ALL","1986","7.7"
"ISL","","ALL","1987","7.8"
"ISL","","ALL","1988","8.4"
"ISL","","ALL","1989","8.2"
"ISL","","ALL","1990","7.8"
"ISL","","ALL","1991","8"
"ISL","","ALL","1992","8.2"
"ISL","","ALL","1993","8.3"
"ISL","","ALL","1994","8.1"
"ISL","","ALL","1995","8.2"
"ISL","","ALL","1996","8.2"
"ISL","","ALL","1997","8.1"
"ISL","","ALL","1998","8.9"
"ISL","","ALL","1999","9.6"
"ISL","","ALL","2000","9.5"
"ISL","","ALL","2001","9.3"
"ISL","","ALL","2002","10.2"
"ISL","","ALL","2003","10.4"
"ISL","","ALL","2004","9.9"
"ISL","","ALL","2005","9.4"
"ISL","","ALL","2006","9.1"
"ISL","","ALL","2007","9.1"
"ISL","","ALL","2008","9.1"
"ISL","","ALL","2009","9.6"
"ISL","","ALL","2010","9.3"
"ISL","","ALL","2011","9"
"ISL","","ALL","2012","8.9"
"ISR","","ALL","1975","5.6"
"ISR","","ALL","1976","6"
"ISR","","ALL","1977","6.7"
"ISR","","ALL","1978","7.4"
"ISR","","ALL","1979","7.8"
"ISR","","ALL","1980","7.7"
"ISR","","ALL","1981","7.5"
"ISR","","ALL","1982","7.6"
"ISR","","ALL","1983","8.2"
"ISR","","ALL","1984","9.8"
"ISR","","ALL","1985","7.2"
"ISR","","ALL","1986","6.6"
"ISR","","ALL","1987","6.9"
"ISR","","ALL","1988","7.1"
"ISR","","ALL","1989","7.6"
"ISR","","ALL","1990","7.1"
"ISR","","ALL","1991","6.8"
"ISR","","ALL","1992","7"
"ISR","","ALL","1993","7.3"
"ISR","","ALL","1994","7.8"
"ISR","","ALL","1995","7.6"
"ISR","","ALL","1996","7.7"
"ISR","","ALL","1997","7.9"
"ISR","","ALL","1998","7.8"
"ISR","","ALL","1999","7.5"
"ISR","","ALL","2000","7.2"
"ISR","","ALL","2001","7.7"
"ISR","","ALL","2002","7.5"
"ISR","","ALL","2003","7.5"
"ISR","","ALL","2004","7.4"
"ISR","","ALL","2005","7.4"
"ISR","","ALL","2006","7.2"
"ISR","","ALL","2007","7.2"
"ISR","","ALL","2008","7.3"
"ISR","","ALL","2009","7.3"
"ISR","","ALL","2010","7.4"
"ISR","","ALL","2011","7.3"
"ISR","","ALL","2012","7.4"
"ISR","","ALL","2013","7.4"
"ISR","","ALL","2014","7.4"
"ISR","","ALL","2015","7.4"
"ISR","","ALL","2016","7.5"
"ISR","","ALL","2017","7.6"
"ISR","","ALL","2018","7.6"
"ISR","","ALL","2019","7.6"
"ITA","","ALL","1988","7.3"
"ITA","","ALL","1989","7.3"
"ITA","","ALL","1990","7.7"
"ITA","","ALL","1991","7.9"
"ITA","","ALL","1992","7.7"
"ITA","","ALL","1993","7.6"
"ITA","","ALL","1994","7.4"
"ITA","","ALL","1995","7.1"
"ITA","","ALL","1996","7.2"
"ITA","","ALL","1997","7.4"
"ITA","","ALL","1998","7.5"
"ITA","","ALL","1999","7.6"
"ITA","","ALL","2000","7.9"
"ITA","","ALL","2001","8.1"
"ITA","","ALL","2002","8.2"
"ITA","","ALL","2003","8.2"
"ITA","","ALL","2004","8.5"
"ITA","","ALL","2005","8.7"
"ITA","","ALL","2006","8.8"
"ITA","","ALL","2007","8.5"
"ITA","","ALL","2008","8.9"
"ITA","","ALL","2009","9.4"
"ITA","","ALL","2010","9.4"
"ITA","","ALL","2011","9.2"
"ITA","","ALL","2012","8.8"
"ITA","","ALL","2013","8.8"
"ITA","","ALL","2014","8.9"
"ITA","","ALL","2015","8.9"
"ITA","","ALL","2016","8.7"
"ITA","","ALL","2017","8.7"
"ITA","","ALL","2018","8.7"
"ITA","","ALL","2019","8.7"
"KAZ","","ALL","1990","3.3"
"KAZ","","ALL","1991","3.1"
"KAZ","","ALL","1992","2.1"
"KAZ","","ALL","1993","2.5"
"KAZ","","ALL","1994","2.2"
"KAZ","","ALL","1995","3"
"KAZ","","ALL","1996","2.5"
"KAZ","","ALL","1997","2.1"
"KAZ","","ALL","1998","1.5"
"KAZ","","ALL","1999","2.2"
"KAZ","","ALL","2000","2.1"
"KAZ","","ALL","2001","1.9"
"KAZ","","ALL","2002","1.93"
"KAZ","","ALL","2003","2"
"KAZ","","ALL","2004","2.3"
"KAZ","","ALL","2005","2.5"
"KAZ","","ALL","2006","2.3"
"KAZ","","ALL","2007","2.5"
"KAZ","","ALL","2008","2.4"
"KAZ","","ALL","2009","2.9"
"KAZ","","ALL","2010","2.7"
"KAZ","","ALL","2011","2.3"
"KAZ","","ALL","2012","2.5"
"KAZ","","ALL","2013","2.3"
"KAZ","","ALL","2014","2.2"
"KAZ","","ALL","2015","2.1"
"KAZ","","ALL","2016","2.3"
"KAZ","","ALL","2017","2.2"
"KAZ","","ALL","2018","3"
"KAZ","","ALL","2019","2.8"
"KGZ","","ALL","1992","3.4"
"KGZ","","ALL","1994","3.3"
"KGZ","","ALL","1995","3.8"
"KGZ","","ALL","1996","3.1"
"KGZ","","ALL","1997","3.2"
"KGZ","","ALL","1998","2.6"
"KGZ","","ALL","1999","2.1"
"KGZ","","ALL","2000","1.9"
"KGZ","","ALL","2001","2.3"
"KGZ","","ALL","2002","2"
"KGZ","","ALL","2003","1.9"
"KGZ","","ALL","2004","2"
"KGZ","","ALL","2005","1.3"
"KGZ","","ALL","2008","2.1"
"KGZ","","ALL","2010","2.7"
"KGZ","","ALL","2011","3"
"KGZ","","ALL","2012","3.3"
"KGZ","","ALL","2013","3.2"
"KGZ","","ALL","2014","3"
"KGZ","","ALL","2015","2.6"
"KGZ","","ALL","2016","2.9"
"KGZ","","ALL","2017","3.3"
"KGZ","","ALL","2018","2.6"
"LTU","","ALL","1987","2.63"
"LTU","","ALL","1988","2.66"
"LTU","","ALL","1989","2.75"
"LTU","","ALL","1990","3.3"
"LTU","","ALL","1991","3.7"
"LTU","","ALL","1992","4.2"
"LTU","","ALL","1993","4.2"
"LTU","","ALL","1994","5.2"
"LTU","","ALL","1995","4.9"
"LTU","","ALL","1996","5.3"
"LTU","","ALL","1997","5.8"
"LTU","","ALL","1998","6.1"
"LTU","","ALL","1999","6"
"LTU","","ALL","2000","6"
"LTU","","ALL","2001","5.7"
"LTU","","ALL","2002","5.9"
"LTU","","ALL","2003","5.7"
"LTU","","ALL","2004","5.51"
"LTU","","ALL","2005","5.64"
"LTU","","ALL","2006","5.84"
"LTU","","ALL","2007","5.76"
"LTU","","ALL","2008","6.29"
"LTU","","ALL","2009","7.37"
"LTU","","ALL","2010","6.81"
"LTU","","ALL","2011","6.49"
"LTU","","ALL","2012","6.28"
"LTU","","ALL","2013","6.13"
"LTU","","ALL","2014","6.19"
"LTU","","ALL","2015","6.49"
"LTU","","ALL","2016","6.64"
"LTU","","ALL","2017","6.47"
"LTU","","ALL","2018","6.53"
"LTU","","ALL","2019","7"
"LUX","","ALL","1970","3.1"
"LUX","","ALL","1971","3.5"
"LUX","","ALL","1972","3.5"
"LUX","","ALL","1973","3.2"
"LUX","","ALL","1974","3.2"
"LUX","","ALL","1975","4.3"
"LUX","","ALL","1976","4.4"
"LUX","","ALL","1977","4.7"
"LUX","","ALL","1978","5"
"LUX","","ALL","1979","5"
"LUX","","ALL","1980","5.2"
"LUX","","ALL","1981","5.4"
"LUX","","ALL","1982","5.3"
"LUX","","ALL","1983","5.2"
"LUX","","ALL","1984","5.1"
"LUX","","ALL","1985","5.2"
"LUX","","ALL","1986","5"
"LUX","","ALL","1987","5.5"
"LUX","","ALL","1988","5.3"
"LUX","","ALL","1989","5.2"
"LUX","","ALL","1990","5.4"
"LUX","","ALL","1991","5.1"
"LUX","","ALL","1992","5.4"
"LUX","","ALL","1993","5.5"
"LUX","","ALL","1994","5.3"
"LUX","","ALL","1995","5.6"
"LUX","","ALL","1996","5.7"
"LUX","","ALL","1997","5.6"
"LUX","","ALL","1998","5.7"
"LUX","","ALL","1999","5.8"
"LUX","","ALL","2000","7.5"
"LUX","","ALL","2001","7.4"
"LUX","","ALL","2002","8.3"
"LUX","","ALL","2003","7.7"
"LUX","","ALL","2004","8.2"
"LUX","","ALL","2005","7.9"
"LUX","","ALL","2006","7.7"
"LUX","","ALL","2007","7.1"
"LUX","","ALL","2008","7.2"
"LUX","","ALL","2009","8.2"
"LVA","","ALL","1980","2.1"
"LVA","","ALL","1985","2.3"
"LVA","","ALL","1989","2.6"
"LVA","","ALL","1990","2.5"
"LVA","","ALL","1991","2.6"
"LVA","","ALL","1992","2.8"
"LVA","","ALL","1993","4.1"
"LVA","","ALL","1994","4.1"
"LVA","","ALL","1995","4.2"
"LVA","","ALL","1996","4.5"
"LVA","","ALL","1997","4.5"
"LVA","","ALL","1998","4.1"
"LVA","","ALL","1999","5.2"
"LVA","","ALL","2000","4.8"
"LVA","","ALL","2001","5"
"LVA","","ALL","2002","4.9"
"LVA","","ALL","2003","5"
"LVA","","ALL","2004","6.3"
"LVA","","ALL","2005","6.4"
"LVA","","ALL","2006","6.8"
"LVA","","ALL","2007","7"
"LVA","","ALL","2008","6.6"
"LVA","","ALL","2009","6.8"
"LVA","","ALL","2010","6.5"
"LVA","","ALL","2011","6.1"
"LVA","","ALL","2012","5.9"
"LVA","","ALL","2013","5.4"
"LVA","","ALL","2014","5.5"
"LVA","","ALL","2015","5.7"
"LVA","","ALL","2016","6.2"
"LVA","","ALL","2017","6"
"LVA","","ALL","2018","6.2"
"MCO","","ALL","2018","5.6"
"MDA","","ALL","1991","3.9"
"MDA","","ALL","1992","3.1"
"MDA","","ALL","1993","4.5"
"MDA","","ALL","1994","6.2"
"MDA","","ALL","1995","5.8"
"MDA","","ALL","1996","6.9"
"MDA","","ALL","1997","6"
"MDA","","ALL","1998","4.3"
"MDA","","ALL","1999","2.9"
"MDA","","ALL","2000","3"
"MDA","","ALL","2001","2.9"
"MDA","","ALL","2002","3.6"
"MDA","","ALL","2003","3.96"
"MDA","","ALL","2004","6.4"
"MDA","","ALL","2005","8.8"
"MDA","","ALL","2006","9.3"
"MDA","","ALL","2007","8.7"
"MDA","","ALL","2008","10.2"
"MDA","","ALL","2009","12.4"
"MDA","","ALL","2010","11.7"
"MDA","","ALL","2011","10.2"
"MDA","","ALL","2012","10.6"
"MDA","","ALL","2013","9.8"
"MDA","","ALL","2014","10"
"MDA","","ALL","2015","10.1"
"MDA","","ALL","2016","9.8"
"MDA","","ALL","2017","9"
"MDA","","ALL","2018","7.1"
"MKD","","ALL","1991","2.25"
"MKD","","ALL","1992","1.59"
"MKD","","ALL","1993","8.79"
"MKD","","ALL","1999","5.6"
"MKD","","ALL","2000","4.5"
"MKD","","ALL","2002","6.64"
"MKD","","ALL","2003","6.79"
"MKD","","ALL","2005","5.98"
"MKD","","ALL","2006","7.02"
"MKD","","ALL","2007","6.34"
"MKD","","ALL","2008","6.39"
"MKD","","ALL","2009","5.97"
"MKD","","ALL","2010","6.18"
"MKD","","ALL","2011","6.04"
"MKD","","ALL","2012","6.69"
"MKD","","ALL","2013","6.92"
"MKD","","ALL","2014","7.02"
"MKD","","ALL","2015","6.7"
"MKD","","ALL","2016","7.57"
"MKD","","ALL","2017","7.09"
"MKD","","ALL","2018","7.16"
"MLT","","ALL","1999","8.31"
"MLT","","ALL","2000","7.99"
"MLT","","ALL","2001","7.09"
"MLT","","ALL","2002","7.91"
"MLT","","ALL","2003","8.25"
"MLT","","ALL","2004","9.92476804"
"MLT","","ALL","2005","10.30822267"
"MLT","","ALL","2006","10.41346172"
"MLT","","ALL","2007","9.79932336"
"MLT","","ALL","2008","9.61495283"
"MLT","","ALL","2009","9.49359756"
"MLT","","ALL","2010","9.59663148"
"MLT","","ALL","2011","8.40716179"
"MLT","","ALL","2012","8.43367191"
"MLT","","ALL","2013","8.49095165"
"MLT","","ALL","2014","8.08030096"
"MLT","","ALL","2015","7.94903435"
"MLT","","ALL","2016","7.60618461"
"MLT","","ALL","2017","7.60484894"
"NLD","","ALL","1972","6.9"
"NLD","","ALL","1973","6.6"
"NLD","","ALL","1974","6.7"
"NLD","","ALL","1975","7"
"NLD","","ALL","1976","6.9"
"NLD","","ALL","1977","7"
"NLD","","ALL","1978","7.2"
"NLD","","ALL","1979","7.3"
"NLD","","ALL","1980","7.4"
"NLD","","ALL","1981","7.5"
"NLD","","ALL","1982","7.8"
"NLD","","ALL","1983","7.7"
"NLD","","ALL","1984","7.4"
"NLD","","ALL","1985","7.3"
"NLD","","ALL","1986","7.4"
"NLD","","ALL","1987","7.6"
"NLD","","ALL","1988","7.6"
"NLD","","ALL","1989","7.9"
"NLD","","ALL","1990","8"
"NLD","","ALL","1991","8.2"
"NLD","","ALL","1992","8.4"
"NLD","","ALL","1993","8.5"
"NLD","","ALL","1994","8.3"
"NLD","","ALL","1995","8.3"
"NLD","","ALL","1996","8.2"
"NLD","","ALL","1997","7.9"
"NLD","","ALL","1998","8.1"
"NLD","","ALL","1999","8.2"
"NLD","","ALL","2000","8.1"
"NLD","","ALL","2001","8.4"
"NLD","","ALL","2002","9"
"NLD","","ALL","2003","9.5"
"NLD","","ALL","2004","9.6"
"NLD","","ALL","2005","9.6"
"NLD","","ALL","2006","9.6"
"NLD","","ALL","2007","9.5"
"NLD","","ALL","2008","9.8"
"NLD","","ALL","2009","10.5"
"NLD","","ALL","2010","10.7"
"NLD","","ALL","2011","10.8"
"NLD","","ALL","2012","11.1"
"NLD","","ALL","2013","11.2"
"NLD","","ALL","2014","11.1"
"NLD","","ALL","2015","10.9"
"NLD","","ALL","2016","10.9"
"NLD","","ALL","2017","10.6"
"NLD","","ALL","2018","10.5"
"NOR","","ALL","1970","4.4"
"NOR","","ALL","1971","4.7"
"NOR","","ALL","1972","5.1"
"NOR","","ALL","1973","5.3"
"NOR","","ALL","1974","5.4"
"NOR","","ALL","1975","5.9"
"NOR","","ALL","1976","6"
"NOR","","ALL","1977","6.2"
"NOR","","ALL","1978","6.8"
"NOR","","ALL","1979","6.2"
"NOR","","ALL","1980","7"
"NOR","","ALL","1981","6.7"
"NOR","","ALL","1982","6.8"
"NOR","","ALL","1983","7"
"NOR","","ALL","1984","6.7"
"NOR","","ALL","1985","6.6"
"NOR","","ALL","1986","7"
"NOR","","ALL","1987","7.5"
"NOR","","ALL","1988","7.7"
"NOR","","ALL","1989","7.5"
"NOR","","ALL","1990","7.6"
"NOR","","ALL","1991","8"
"NOR","","ALL","1992","8.1"
"NOR","","ALL","1993","7.9"
"NOR","","ALL","1994","7.9"
"NOR","","ALL","1995","7.9"
"NOR","","ALL","1996","7.8"
"NOR","","ALL","1997","8.4"
"NOR","","ALL","1998","9.3"
"NOR","","ALL","1999","9.3"
"NOR","","ALL","2000","8.4"
"NOR","","ALL","2001","8.8"
"NOR","","ALL","2002","9.8"
"NOR","","ALL","2003","10"
"NOR","","ALL","2004","9.6"
"NOR","","ALL","2005","9"
"NOR","","ALL","2006","8.6"
"NOR","","ALL","2007","8.7"
"NOR","","ALL","2008","8.6"
"NOR","","ALL","2009","9.7"
"NOR","","ALL","2010","9.4"
"NOR","","ALL","2011","9.3"
"NOR","","ALL","2012","9.3"
"NOR","","ALL","2013","9.6"
"","NORDIC","ALL","1970","6.32"
"","NORDIC","ALL","1971","6.54"
"","NORDIC","ALL","1972","6.65"
"","NORDIC","ALL","1973","6.58"
"","NORDIC","ALL","1974","6.81"
"","NORDIC","ALL","1975","7.19"
"","NORDIC","ALL","1976","7.36"
"","NORDIC","ALL","1977","7.68"
"","NORDIC","ALL","1978","7.84"
"","NORDIC","ALL","1979","7.68"
"","NORDIC","ALL","1980","7.98"
"","NORDIC","ALL","1981","8.11"
"","NORDIC","ALL","1982","8.18"
"","NORDIC","ALL","1983","8.14"
"","NORDIC","ALL","1984","7.91"
"","NORDIC","ALL","1985","7.84"
"","NORDIC","ALL","1986","7.8"
"","NORDIC","ALL","1987","7.98"
"","NORDIC","ALL","1988","7.96"
"","NORDIC","ALL","1989","7.92"
"","NORDIC","ALL","1990","8"
"","NORDIC","ALL","1991","8.22"
"","NORDIC","ALL","1992","8.38"
"","NORDIC","ALL","1993","8.31"
"","NORDIC","ALL","1994","8.01"
"","NORDIC","ALL","1995","7.96"
"","NORDIC","ALL","1996","8.08"
"","NORDIC","ALL","1997","8.05"
"","NORDIC","ALL","1998","8.2"
"","NORDIC","ALL","1999","8.43"
"","NORDIC","ALL","2000","8.15"
"","NORDIC","ALL","2001","8.61"
"","NORDIC","ALL","2002","9.05"
"","NORDIC","ALL","2003","9.25"
"","NORDIC","ALL","2004","9.14"
"","NORDIC","ALL","2005","9.09"
"","NORDIC","ALL","2006","8.94"
"","NORDIC","ALL","2007","8.91"
"","NORDIC","ALL","2008","9.11"
"","NORDIC","ALL","2009","10.06"
"","NORDIC","ALL","2010","9.83"
"","NORDIC","ALL","2011","9.65"
"","NORDIC","ALL","2012","9.69"
"POL","","ALL","1990","4.8"
"POL","","ALL","1991","6"
"POL","","ALL","1992","6.1"
"POL","","ALL","1993","5.8"
"POL","","ALL","1994","5.5"
"POL","","ALL","1995","5.5"
"POL","","ALL","1996","5.9"
"POL","","ALL","1997","5.6"
"POL","","ALL","1998","5.9"
"POL","","ALL","1999","5.7"
"POL","","ALL","2000","5.5"
"POL","","ALL","2001","5.9"
"POL","","ALL","2002","6.3"
"POL","","ALL","2003","6.2"
"POL","","ALL","2004","6.2"
"POL","","ALL","2005","6.2"
"POL","","ALL","2006","6.2"
"POL","","ALL","2007","6.3"
"POL","","ALL","2008","6.9"
"POL","","ALL","2009","7.2"
"POL","","ALL","2010","7"
"POL","","ALL","2011","6.9"
"PRT","","ALL","1970","2.4"
"PRT","","ALL","1971","2.5"
"PRT","","ALL","1972","3.2"
"PRT","","ALL","1973","3.4"
"PRT","","ALL","1974","3.6"
"PRT","","ALL","1975","5"
"PRT","","ALL","1976","4.8"
"PRT","","ALL","1977","4.3"
"PRT","","ALL","1978","4.5"
"PRT","","ALL","1979","4.4"
"PRT","","ALL","1980","5.1"
"PRT","","ALL","1981","5.5"
"PRT","","ALL","1982","5.4"
"PRT","","ALL","1983","5.1"
"PRT","","ALL","1984","5.2"
"PRT","","ALL","1985","5.6"
"PRT","","ALL","1986","6.2"
"PRT","","ALL","1987","6"
"PRT","","ALL","1988","6.2"
"PRT","","ALL","1989","5.7"
"PRT","","ALL","1990","5.7"
"PRT","","ALL","1991","6.2"
"PRT","","ALL","1992","6.4"
"PRT","","ALL","1993","6.7"
"PRT","","ALL","1994","6.7"
"PRT","","ALL","1995","7.5"
"PRT","","ALL","1996","7.8"
"PRT","","ALL","1997","7.8"
"PRT","","ALL","1998","7.7"
"PRT","","ALL","1999","7.9"
"PRT","","ALL","2000","9.3"
"PRT","","ALL","2001","9.3"
"PRT","","ALL","2002","9.3"
"PRT","","ALL","2003","9.7"
"PRT","","ALL","2004","10"
"PRT","","ALL","2005","10.4"
"PRT","","ALL","2006","10"
"PRT","","ALL","2007","10"
"PRT","","ALL","2008","10.2"
"PRT","","ALL","2009","10.8"
"PRT","","ALL","2010","10.8"
"PRT","","ALL","2011","10.2"
"ROU","","ALL","1987","2.07"
"ROU","","ALL","1988","2.08"
"ROU","","ALL","1989","2.37"
"ROU","","ALL","1990","2.9"
"ROU","","ALL","1991","3.26"
"ROU","","ALL","1992","2.56"
"ROU","","ALL","1993","2.7"
"ROU","","ALL","1994","3"
"ROU","","ALL","1995","2.9"
"ROU","","ALL","1996","3.4"
"ROU","","ALL","1997","3.1"
"ROU","","ALL","1998","4.1"
"ROU","","ALL","1999","3.9"
"ROU","","ALL","2000","3.9"
"ROU","","ALL","2001","4.2"
"ROU","","ALL","2002","3.8"
"ROU","","ALL","2003","3.9"
"ROU","","ALL","2004","3.6"
"ROU","","ALL","2005","3.9"
"ROU","","ALL","2006","3.9"
"ROU","","ALL","2007","3.8"
"ROU","","ALL","2008","4.8"
"ROU","","ALL","2009","4.5"
"ROU","","ALL","2010","4.1"
"ROU","","ALL","2011","3.5"
"ROU","","ALL","2012","3.8"
"ROU","","ALL","2013","4.4"
"ROU","","ALL","2014","4"
"ROU","","ALL","2015","4.1"
"ROU","","ALL","2016","4"
"ROU","","ALL","2017","4"
"RUS","","ALL","1989","2.18"
"RUS","","ALL","1990","2.26"
"RUS","","ALL","1991","3"
"RUS","","ALL","1992","2.3"
"RUS","","ALL","1993","3"
"RUS","","ALL","1995","2.2"
"RUS","","ALL","1999","2.8"
"RUS","","ALL","2000","2.9"
"RUS","","ALL","2008","5.6"
"RUS","","ALL","2009","6.5"
"RUS","","ALL","2010","5.8"
"RUS","","ALL","2011","5.5"
"RUS","","ALL","2012","5.8"
"RUS","","ALL","2013","5.8"
"RUS","","ALL","2015","4.0792715"
"RUS","","ALL","2016","4.31793284"
"RUS","","ALL","2017","3.75371036"
"RUS","","ALL","2018","3.84510156"
"","SEEHN","ALL","1988","3.92"
"","SEEHN","ALL","1989","4.18"
"","SEEHN","ALL","1990","4.63"
"","SEEHN","ALL","1991","4.76"
"","SEEHN","ALL","1992","4.69"
"","SEEHN","ALL","1993","4.99"
"","SEEHN","ALL","1994","5.31"
"","SEEHN","ALL","1995","5.29"
"","SEEHN","ALL","1996","5.58"
"","SEEHN","ALL","1997","5.2"
"","SEEHN","ALL","1998","5.43"
"","SEEHN","ALL","1999","5.41"
"","SEEHN","ALL","2000","5.2"
"","SEEHN","ALL","2001","5.45"
"","SEEHN","ALL","2002","5.18"
"","SEEHN","ALL","2003","5.29"
"","SEEHN","ALL","2004","5.45"
"","SEEHN","ALL","2005","5.79"
"","SEEHN","ALL","2006","5.82"
"","SEEHN","ALL","2007","5.95"
"","SEEHN","ALL","2008","6.55"
"","SEEHN","ALL","2009","6.58"
"","SEEHN","ALL","2010","6.42"
"","SEEHN","ALL","2011","6.03"
"","SEEHN","ALL","2012","6.28"
"","SEEHN","ALL","2013","6.44"
"","SEEHN","ALL","2014","6.36"
"","SEEHN","ALL","2015","6.37"
"","SEEHN","ALL","2016","6.27"
"","SEEHN","ALL","2017","6.06"
"","SMALL","ALL","1999","6.94"
"","SMALL","ALL","2000","7.18"
"","SMALL","ALL","2001","7.02"
"","SMALL","ALL","2002","7.78"
"","SMALL","ALL","2003","7.8"
"","SMALL","ALL","2004","8.02"
"","SMALL","ALL","2005","7.77"
"","SMALL","ALL","2006","7.74"
"","SMALL","ALL","2007","7.36"
"","SMALL","ALL","2008","7.38"
"","SMALL","ALL","2009","7.82"
"","SMALL","ALL","2011","7.64"
"","SMALL","ALL","2012","7.64"
"","SMALL","ALL","2013","7.8"
"","SMALL","ALL","2014","7.74"
"","SMALL","ALL","2015","7.65"
"","SMALL","ALL","2016","7.56"
"","SMALL","ALL","2017","7.56"
"","SMALL","ALL","2018","7.64"
"SMR","","ALL","2011","8.6"
"SMR","","ALL","2012","9.3"
"SMR","","ALL","2013","8.5"
"SMR","","ALL","2014","8.5"
"SMR","","ALL","2015","8.6"
"SMR","","ALL","2016","8.6"
"SMR","","ALL","2017","8.4"
"SMR","","ALL","2018","8.44"
"SMR","","ALL","2019","8.34"
"SRB","","ALL","1998","9.1"
"SRB","","ALL","1999","9.9"
"SRB","","ALL","2000","9.6"
"SRB","","ALL","2001","9.7"
"SRB","","ALL","2002","8.3"
"SRB","","ALL","2003","8.1"
"SRB","","ALL","2004","8.2"
"SRB","","ALL","2005","8.7"
"SRB","","ALL","2006","9"
"SRB","","ALL","2007","10"
"SRB","","ALL","2008","10"
"SRB","","ALL","2009","9.9"
"SRB","","ALL","2010","10.1"
"SRB","","ALL","2011","9.7"
"SRB","","ALL","2012","9.9"
"SRB","","ALL","2013","9.9"
"SRB","","ALL","2014","9.8"
"SRB","","ALL","2015","9.4"
"SRB","","ALL","2016","9"
"SRB","","ALL","2017","8.8"
"SRB","","ALL","2018","8.5"
"SVK","","ALL","1997","5.8"
"SVK","","ALL","1998","5.7"
"SVK","","ALL","1999","5.8"
"SVK","","ALL","2000","5.5"
"SVK","","ALL","2001","5.5"
"SVK","","ALL","2002","5.6"
"SVK","","ALL","2003","5.8"
"SVK","","ALL","2004","7.2"
"SVK","","ALL","2005","7"
"SVK","","ALL","2006","7.3"
"SVK","","ALL","2007","7.8"
"SVK","","ALL","2008","8"
"SVK","","ALL","2009","9.2"
"SVK","","ALL","2010","9"
"SVK","","ALL","2011","7.9"
"SVN","","ALL","1995","7.5"
"SVN","","ALL","1996","7.6"
"SVN","","ALL","1997","7.8"
"SVN","","ALL","1998","7.8"
"SVN","","ALL","1999","7.8"
"SVN","","ALL","2000","8.3"
"SVN","","ALL","2001","8.6"
"SVN","","ALL","2002","8.6"
"SVN","","ALL","2003","8.6"
"SVN","","ALL","2004","8.3"
"SVN","","ALL","2005","8.4"
"SVN","","ALL","2006","8.3"
"SVN","","ALL","2007","7.9"
"SVN","","ALL","2008","8.3"
"SVN","","ALL","2009","9.2"
"SVN","","ALL","2010","8.9"
"SVN","","ALL","2011","8.9"
"SVN","","ALL","2012","9.2"
"SVN","","ALL","2013","9.1"
"SVN","","ALL","2014","8.5"
"SVN","","ALL","2015","8.5"
"SVN","","ALL","2016","8.5"
"SVN","","ALL","2017","8.19"
"SVN","","ALL","2018","8.3"
"SWE","","ALL","1970","6.8"
"SWE","","ALL","1971","7.1"
"SWE","","ALL","1972","7.1"
"SWE","","ALL","1973","7"
"SWE","","ALL","1974","7.2"
"SWE","","ALL","1975","7.5"
"SWE","","ALL","1976","7.8"
"SWE","","ALL","1977","8.6"
"SWE","","ALL","1978","8.7"
"SWE","","ALL","1979","8.6"
"SWE","","ALL","1980","8.9"
"SWE","","ALL","1981","9.1"
"SWE","","ALL","1982","9.2"
"SWE","","ALL","1983","9.1"
"SWE","","ALL","1984","8.9"
"SWE","","ALL","1985","8.5"
"SWE","","ALL","1986","8.3"
"SWE","","ALL","1987","8.3"
"SWE","","ALL","1988","8.2"
"SWE","","ALL","1989","8.2"
"SWE","","ALL","1990","8.2"
"SWE","","ALL","1991","8"
"SWE","","ALL","1992","8.2"
"SWE","","ALL","1993","8.4"
"SWE","","ALL","1994","8"
"SWE","","ALL","1995","8"
"SWE","","ALL","1996","8.2"
"SWE","","ALL","1997","8"
"SWE","","ALL","1998","8.1"
"SWE","","ALL","1999","8.2"
"SWE","","ALL","2000","8.2"
"SWE","","ALL","2001","8.9"
"SWE","","ALL","2002","9.2"
"SWE","","ALL","2003","9.3"
"SWE","","ALL","2004","9.1"
"SWE","","ALL","2005","9.1"
"SWE","","ALL","2006","8.9"
"SWE","","ALL","2007","8.9"
"SWE","","ALL","2008","9.2"
"SWE","","ALL","2009","9.9"
"SWE","","ALL","2010","9.5"
"SWE","","ALL","2011","9.5"
"TJK","","ALL","1998","1.2"
"TJK","","ALL","2000","0.9"
"TJK","","ALL","2001","1"
"TJK","","ALL","2002","0.9"
"TJK","","ALL","2003","0.9"
"TJK","","ALL","2004","0.95"
"TJK","","ALL","2005","1.1"
"TJK","","ALL","2006","1.1"
"TJK","","ALL","2007","5.4"
"TJK","","ALL","2008","5.6"
"TJK","","ALL","2009","5.7"
"TJK","","ALL","2010","6.2"
"TJK","","ALL","2011","5.9"
"TJK","","ALL","2012","6"
"TJK","","ALL","2013","6.4"
"TJK","","ALL","2014","6.6"
"TJK","","ALL","2015","6.9"
"TJK","","ALL","2016","7"
"TJK","","ALL","2017","7.2"
"TKM","","ALL","2011","2.1"
"TKM","","ALL","2012","2.2"
"TKM","","ALL","2013","2.4"
"TKM","","ALL","2014","2.2"
"TKM","","ALL","2015","2.7"
"TKM","","ALL","2016","2.8"
"TKM","","ALL","2017","3.2"
"TKM","","ALL","2018","2.7"
"TUR","","ALL","1975","2.2"
"TUR","","ALL","1976","1.7"
"TUR","","ALL","1977","2"
"TUR","","ALL","1978","2.3"
"TUR","","ALL","1979","2.3"
"TUR","","ALL","1980","2.4"
"TUR","","ALL","1981","2.6"
"TUR","","ALL","1982","2.2"
"TUR","","ALL","1983","2.2"
"TUR","","ALL","1984","2.2"
"TUR","","ALL","1985","1.6"
"TUR","","ALL","1986","2"
"TUR","","ALL","1987","2.1"
"TUR","","ALL","1988","2.3"
"TUR","","ALL","1989","2.5"
"TUR","","ALL","1990","2.7"
"TUR","","ALL","1991","2.9"
"TUR","","ALL","1992","2.8"
"TUR","","ALL","1993","2.8"
"TUR","","ALL","1994","2.7"
"TUR","","ALL","1995","2.5"
"TUR","","ALL","1996","2.9"
"TUR","","ALL","1997","3.1"
"TUR","","ALL","1998","3.6"
"TUR","","ALL","1999","4.7"
"TUR","","ALL","2000","4.8"
"TUR","","ALL","2001","5.1"
"TUR","","ALL","2002","5.2"
"TUR","","ALL","2003","5.2"
"TUR","","ALL","2004","5.2"
"TUR","","ALL","2005","5.2"
"TUR","","ALL","2006","5.5"
"TUR","","ALL","2007","5.7"
"TUR","","ALL","2008","5.8"
"TUR","","ALL","2009","5.8"
"TUR","","ALL","2010","5.3"
"TUR","","ALL","2011","4.9"
"TUR","","ALL","2012","4.7"
"TUR","","ALL","2013","4.6"
"TUR","","ALL","2014","4.6"
"TUR","","ALL","2015","4.4"
"TUR","","ALL","2016","4.6"
"TUR","","ALL","2017","4.5"
"TUR","","ALL","2018","4.4"
"TUR","","ALL","2019","4.7"
"UKR","","ALL","1991","3.3"
"UKR","","ALL","1993","3.3"
"UKR","","ALL","1996","3.8"
"UKR","","ALL","1997","3.5"
"UKR","","ALL","1998","3.5"
"UKR","","ALL","1999","3.1"
"UKR","","ALL","2000","4.2"
"UKR","","ALL","2001","3.4"
"UKR","","ALL","2002","3.4"
"UKR","","ALL","2003","3.2"
"UKR","","ALL","2004","3.53"
"UKR","","ALL","2005","6.43"
"UKR","","ALL","2006","6.41"
"UKR","","ALL","2007","6.37"
"UKR","","ALL","2008","6.64"
"UKR","","ALL","2009","7.82"
"UZB","","ALL","1991","5.9"
"UZB","","ALL","1993","4.8"
"UZB","","ALL","1994","4.6"
"UZB","","ALL","1995","3.4"
"UZB","","ALL","1996","3.1"
"UZB","","ALL","1997","3.04"
"UZB","","ALL","1998","3.33"
"UZB","","ALL","1999","2.9"
"UZB","","ALL","2000","3"
"UZB","","ALL","2001","2.6"
"UZB","","ALL","2002","2.4"
"UZB","","ALL","2003","2.4"
"UZB","","ALL","2004","2.4"
"UZB","","ALL","2005","2.4"
"UZB","","ALL","2006","2.5"
"UZB","","ALL","2007","2.3"
"","WHO_EURO","ALL","1989","5.14"
"","WHO_EURO","ALL","1990","5.28"
"","WHO_EURO","ALL","1991","5.64"
"","WHO_EURO","ALL","1992","5.62"
"","WHO_EURO","ALL","1993","5.84"
"","WHO_EURO","ALL","1994","5.81"
"","WHO_EURO","ALL","1995","5.79"
"","WHO_EURO","ALL","1996","5.92"
"","WHO_EURO","ALL","1997","5.87"
"","WHO_EURO","ALL","1998","5.97"
"","WHO_EURO","ALL","1999","6.1"
"","WHO_EURO","ALL","2000","6.18"
"","WHO_EURO","ALL","2001","6.32"
"","WHO_EURO","ALL","2002","6.52"
"","WHO_EURO","ALL","2003","6.7"
"","WHO_EURO","ALL","2004","6.83"
"","WHO_EURO","ALL","2005","7.12"
"","WHO_EURO","ALL","2006","7.18"
"","WHO_EURO","ALL","2007","7.26"
"","WHO_EURO","ALL","2008","7.54"
"","WHO_EURO","ALL","2009","8.16"
"","WHO_EURO","ALL","2010","7.92"
"","WHO_EURO","ALL","2011","7.69"
"","WHO_EURO","ALL","2012","7.74"
"","WHO_EURO","ALL","2013","7.74"
"","WHO_EURO","ALL","2014","7.59"
"","WHO_EURO","ALL","2015","7.43"
"","WHO_EURO","ALL","2016","7.48"
"","WHO_EURO","ALL","2017","7.33"

"Last update","2021.11.22 14:53:11 GMT"
"Description","Total health expenditure as % of GDP"
"Reference link","https://dw.euro.who.int/api/v3/measures/HFA_566?lang=En"

"Copyright"
"© WHO Regional Office for Europe 2021. All rights reserved.","http://www.euro.who.int/en/home/copyright-notice"
